date,E1VFVN30
2014-10-06 07:00:00,10.4
2014-10-07 07:00:00,10.3
2014-10-08 07:00:00,10.3
2014-10-09 07:00:00,10.2
2014-10-10 07:00:00,9.9
2014-10-13 07:00:00,9.9
2014-10-14 07:00:00,9.9
2014-10-15 07:00:00,9.9
2014-10-16 07:00:00,9.6
2014-10-17 07:00:00,9.7
2014-10-20 07:00:00,9.8
2014-10-21 07:00:00,9.9
2014-10-22 07:00:00,9.8
2014-10-23 07:00:00,9.8
2014-10-24 07:00:00,9.7
2014-10-27 07:00:00,9.6
2014-10-28 07:00:00,9.5
2014-10-29 07:00:00,9.8
2014-10-30 07:00:00,9.7
2014-10-31 07:00:00,9.9
2014-11-03 07:00:00,10.1
2014-11-04 07:00:00,10.1
2014-11-05 07:00:00,10.0
2014-11-06 07:00:00,9.8
2014-11-07 07:00:00,9.8
2014-11-10 07:00:00,9.9
2014-11-11 07:00:00,10.0
2014-11-12 07:00:00,9.9
2014-11-13 07:00:00,10.0
2014-11-14 07:00:00,9.9
2014-11-17 07:00:00,9.9
2014-11-18 07:00:00,9.9
2014-11-19 07:00:00,9.8
2014-11-20 07:00:00,9.9
2014-11-21 07:00:00,9.6
2014-11-24 07:00:00,9.5
2014-11-25 07:00:00,9.7
2014-11-26 07:00:00,9.5
2014-11-27 07:00:00,9.5
2014-11-28 07:00:00,9.5
2014-12-01 07:00:00,9.7
2014-12-02 07:00:00,9.5
2014-12-03 07:00:00,9.6
2014-12-04 07:00:00,9.7
2014-12-05 07:00:00,9.7
2014-12-08 07:00:00,9.6
2014-12-09 07:00:00,9.4
2014-12-10 07:00:00,9.5
2014-12-11 07:00:00,9.5
2014-12-12 07:00:00,9.5
2014-12-15 07:00:00,9.5
2014-12-16 07:00:00,9.3
2014-12-17 07:00:00,8.9
2014-12-18 07:00:00,9.0
2014-12-19 07:00:00,9.0
2014-12-22 07:00:00,9.2
2014-12-23 07:00:00,9.1
2014-12-24 07:00:00,9.1
2014-12-25 07:00:00,9.1
2014-12-26 07:00:00,9.2
2014-12-29 07:00:00,9.2
2014-12-30 07:00:00,9.3
2014-12-31 07:00:00,9.4
2015-01-05 07:00:00,9.4
2015-01-06 07:00:00,9.4
2015-01-07 07:00:00,9.4
2015-01-08 07:00:00,9.3
2015-01-09 07:00:00,9.5
2015-01-12 07:00:00,9.6
2015-01-13 07:00:00,9.6
2015-01-14 07:00:00,9.6
2015-01-15 07:00:00,9.5
2015-01-16 07:00:00,9.5
2015-01-19 07:00:00,9.5
2015-01-20 07:00:00,9.4
2015-01-21 07:00:00,9.4
2015-01-22 07:00:00,9.4
2015-01-23 07:00:00,9.5
2015-01-26 07:00:00,9.5
2015-01-27 07:00:00,9.5
2015-01-28 07:00:00,9.5
2015-01-29 07:00:00,9.5
2015-01-30 07:00:00,9.5
2015-02-02 07:00:00,9.3
2015-02-03 07:00:00,9.3
2015-02-04 07:00:00,9.3
2015-02-05 07:00:00,9.2
2015-02-06 07:00:00,9.2
2015-02-09 07:00:00,9.3
2015-02-10 07:00:00,9.2
2015-02-11 07:00:00,9.3
2015-02-12 07:00:00,9.4
2015-02-13 07:00:00,9.5
2015-02-24 07:00:00,9.5
2015-02-25 07:00:00,9.6
2015-02-26 07:00:00,9.5
2015-02-27 07:00:00,9.5
2015-03-02 07:00:00,9.5
2015-03-03 07:00:00,9.6
2015-03-04 07:00:00,9.6
2015-03-05 07:00:00,9.6
2015-03-06 07:00:00,9.7
2015-03-09 07:00:00,9.6
2015-03-10 07:00:00,9.6
2015-03-11 07:00:00,9.5
2015-03-12 07:00:00,9.5
2015-03-13 07:00:00,9.5
2015-03-16 07:00:00,9.4
2015-03-17 07:00:00,9.4
2015-03-18 07:00:00,9.4
2015-03-19 07:00:00,9.3
2015-03-20 07:00:00,9.3
2015-03-23 07:00:00,9.4
2015-03-24 07:00:00,9.3
2015-03-25 07:00:00,9.2
2015-03-26 07:00:00,9.2
2015-03-27 07:00:00,9.3
2015-03-30 07:00:00,9.0
2015-03-31 07:00:00,9.2
2015-04-01 07:00:00,8.9
2015-04-02 07:00:00,9.0
2015-04-03 07:00:00,9.0
2015-04-06 07:00:00,8.9
2015-04-07 07:00:00,9.0
2015-04-08 07:00:00,8.9
2015-04-09 07:00:00,9.0
2015-04-10 07:00:00,9.1
2015-04-13 07:00:00,9.0
2015-04-14 07:00:00,9.0
2015-04-15 07:00:00,9.1
2015-04-16 07:00:00,9.2
2015-04-17 07:00:00,9.3
2015-04-20 07:00:00,9.2
2015-04-21 07:00:00,9.1
2015-04-22 07:00:00,9.1
2015-04-23 07:00:00,9.1
2015-04-24 07:00:00,9.1
2015-04-27 07:00:00,9.1
2015-05-04 07:00:00,9.0
2015-05-05 07:00:00,8.9
2015-05-06 07:00:00,8.9
2015-05-07 07:00:00,9.0
2015-05-08 07:00:00,8.9
2015-05-11 07:00:00,9.0
2015-05-12 07:00:00,8.8
2015-05-13 07:00:00,8.8
2015-05-14 07:00:00,8.9
2015-05-15 07:00:00,8.7
2015-05-18 07:00:00,8.7
2015-05-19 07:00:00,8.7
2015-05-20 07:00:00,8.8
2015-05-21 07:00:00,8.8
2015-05-22 07:00:00,9.1
2015-05-25 07:00:00,9.0
2015-05-26 07:00:00,9.1
2015-05-27 07:00:00,9.1
2015-05-28 07:00:00,9.1
2015-05-29 07:00:00,9.1
2015-06-01 07:00:00,9.1
2015-06-02 07:00:00,9.1
2015-06-03 07:00:00,9.0
2015-06-04 07:00:00,9.0
2015-06-05 07:00:00,9.1
2015-06-08 07:00:00,9.1
2015-06-09 07:00:00,9.1
2015-06-10 07:00:00,9.0
2015-06-11 07:00:00,9.2
2015-06-12 07:00:00,9.2
2015-06-15 07:00:00,9.3
2015-06-16 07:00:00,9.3
2015-06-17 07:00:00,9.2
2015-06-18 07:00:00,9.2
2015-06-19 07:00:00,9.3
2015-06-22 07:00:00,9.4
2015-06-23 07:00:00,9.4
2015-06-24 07:00:00,9.4
2015-06-25 07:00:00,9.4
2015-06-26 07:00:00,9.5
2015-06-29 07:00:00,9.6
2015-06-30 07:00:00,9.7
2015-07-01 07:00:00,9.6
2015-07-02 07:00:00,9.7
2015-07-03 07:00:00,9.8
2015-07-06 07:00:00,10.1
2015-07-07 07:00:00,10.0
2015-07-08 07:00:00,10.0
2015-07-09 07:00:00,10.0
2015-07-10 07:00:00,10.1
2015-07-13 07:00:00,10.0
2015-07-14 07:00:00,10.1
2015-07-15 07:00:00,10.1
2015-07-16 07:00:00,10.1
2015-07-17 07:00:00,10.1
2015-07-20 07:00:00,10.0
2015-07-21 07:00:00,10.0
2015-07-22 07:00:00,10.1
2015-07-23 07:00:00,10.1
2015-07-24 07:00:00,10.1
2015-07-27 07:00:00,10.2
2015-07-28 07:00:00,10.3
2015-07-29 07:00:00,10.3
2015-07-30 07:00:00,10.3
2015-07-31 07:00:00,10.3
2015-08-03 07:00:00,10.1
2015-08-04 07:00:00,10.0
2015-08-05 07:00:00,10.0
2015-08-06 07:00:00,10.0
2015-08-07 07:00:00,10.0
2015-08-10 07:00:00,10.2
2015-08-11 07:00:00,10.2
2015-08-12 07:00:00,10.1
2015-08-13 07:00:00,9.9
2015-08-14 07:00:00,9.9
2015-08-17 07:00:00,9.7
2015-08-18 07:00:00,9.6
2015-08-19 07:00:00,9.5
2015-08-20 07:00:00,9.5
2015-08-21 07:00:00,9.3
2015-08-24 07:00:00,8.9
2015-08-25 07:00:00,8.9
2015-08-26 07:00:00,9.1
2015-08-27 07:00:00,9.3
2015-08-28 07:00:00,9.9
2015-08-31 07:00:00,9.4
2015-09-01 07:00:00,9.3
2015-09-03 07:00:00,9.1
2015-09-04 07:00:00,9.1
2015-09-07 07:00:00,9.1
2015-09-08 07:00:00,9.3
2015-09-09 07:00:00,9.3
2015-09-10 07:00:00,9.3
2015-09-11 07:00:00,9.2
2015-09-14 07:00:00,9.3
2015-09-15 07:00:00,9.1
2015-09-16 07:00:00,9.1
2015-09-17 07:00:00,9.2
2015-09-18 07:00:00,9.3
2015-09-21 07:00:00,9.4
2015-09-22 07:00:00,9.4
2015-09-23 07:00:00,9.4
2015-09-24 07:00:00,9.3
2015-09-25 07:00:00,9.3
2015-09-28 07:00:00,9.3
2015-09-29 07:00:00,9.2
2015-09-30 07:00:00,9.5
2015-10-01 07:00:00,9.3
2015-10-02 07:00:00,9.3
2015-10-05 07:00:00,9.3
2015-10-06 07:00:00,9.4
2015-10-07 07:00:00,9.4
2015-10-08 07:00:00,9.6
2015-10-09 07:00:00,9.6
2015-10-12 07:00:00,9.7
2015-10-13 07:00:00,9.6
2015-10-14 07:00:00,9.5
2015-10-15 07:00:00,9.5
2015-10-16 07:00:00,9.6
2015-10-19 07:00:00,9.7
2015-10-20 07:00:00,9.6
2015-10-21 07:00:00,9.7
2015-10-22 07:00:00,9.7
2015-10-23 07:00:00,9.8
2015-10-26 07:00:00,9.8
2015-10-27 07:00:00,9.7
2015-10-28 07:00:00,9.7
2015-10-29 07:00:00,9.8
2015-10-30 07:00:00,9.8
2015-11-02 07:00:00,9.7
2015-11-03 07:00:00,9.9
2015-11-04 07:00:00,9.9
2015-11-05 07:00:00,9.9
2015-11-06 07:00:00,9.9
2015-11-09 07:00:00,9.9
2015-11-10 07:00:00,9.9
2015-11-11 07:00:00,9.8
2015-11-12 07:00:00,9.7
2015-11-13 07:00:00,9.8
2015-11-16 07:00:00,9.9
2015-11-17 07:00:00,9.8
2015-11-18 07:00:00,9.8
2015-11-19 07:00:00,9.7
2015-11-20 07:00:00,9.7
2015-11-23 07:00:00,9.7
2015-11-24 07:00:00,9.5
2015-11-25 07:00:00,9.7
2015-11-26 07:00:00,9.7
2015-11-27 07:00:00,9.4
2015-11-30 07:00:00,9.4
2015-12-01 07:00:00,9.4
2015-12-02 07:00:00,9.3
2015-12-03 07:00:00,9.4
2015-12-04 07:00:00,9.3
2015-12-07 07:00:00,9.3
2015-12-08 07:00:00,9.3
2015-12-09 07:00:00,9.3
2015-12-10 07:00:00,9.3
2015-12-11 07:00:00,9.2
2015-12-14 07:00:00,9.2
2015-12-15 07:00:00,9.4
2015-12-16 07:00:00,9.4
2015-12-17 07:00:00,9.4
2015-12-18 07:00:00,9.4
2015-12-21 07:00:00,9.3
2015-12-22 07:00:00,9.3
2015-12-23 07:00:00,9.2
2015-12-24 07:00:00,9.2
2015-12-25 07:00:00,9.3
2015-12-28 07:00:00,9.3
2015-12-29 07:00:00,9.5
2015-12-30 07:00:00,9.6
2015-12-31 07:00:00,9.6
2016-01-04 07:00:00,9.4
2016-01-05 07:00:00,9.4
2016-01-06 07:00:00,9.3
2016-01-07 07:00:00,9.3
2016-01-08 07:00:00,9.1
2016-01-11 07:00:00,9.2
2016-01-12 07:00:00,9.2
2016-01-13 07:00:00,9.2
2016-01-14 07:00:00,9.1
2016-01-15 07:00:00,9.0
2016-01-18 07:00:00,8.7
2016-01-19 07:00:00,8.7
2016-01-20 07:00:00,8.8
2016-01-21 07:00:00,8.7
2016-01-22 07:00:00,8.7
2016-01-25 07:00:00,8.9
2016-01-26 07:00:00,8.8
2016-01-27 07:00:00,9.0
2016-01-28 07:00:00,9.0
2016-01-29 07:00:00,8.9
2016-02-01 07:00:00,9.0
2016-02-02 07:00:00,9.0
2016-02-03 07:00:00,8.8
2016-02-04 07:00:00,8.9
2016-02-05 07:00:00,9.0
2016-02-15 07:00:00,8.9
2016-02-16 07:00:00,9.0
2016-02-17 07:00:00,9.0
2016-02-18 07:00:00,9.0
2016-02-19 07:00:00,9.0
2016-02-22 07:00:00,9.1
2016-02-23 07:00:00,9.1
2016-02-24 07:00:00,9.2
2016-02-25 07:00:00,9.2
2016-02-26 07:00:00,9.2
2016-02-29 07:00:00,9.2
2016-03-01 07:00:00,9.2
2016-03-02 07:00:00,9.2
2016-03-03 07:00:00,9.3
2016-03-04 07:00:00,9.2
2016-03-07 07:00:00,9.2
2016-03-08 07:00:00,9.2
2016-03-09 07:00:00,9.2
2016-03-10 07:00:00,9.2
2016-03-11 07:00:00,9.3
2016-03-14 07:00:00,9.4
2016-03-15 07:00:00,9.2
2016-03-16 07:00:00,9.3
2016-03-17 07:00:00,9.3
2016-03-18 07:00:00,9.3
2016-03-21 07:00:00,9.3
2016-03-22 07:00:00,9.3
2016-03-23 07:00:00,9.3
2016-03-24 07:00:00,9.2
2016-03-25 07:00:00,9.2
2016-03-28 07:00:00,9.2
2016-03-29 07:00:00,9.1
2016-03-30 07:00:00,9.2
2016-03-31 07:00:00,9.1
2016-04-01 07:00:00,9.1
2016-04-04 07:00:00,9.1
2016-04-05 07:00:00,9.0
2016-04-06 07:00:00,9.2
2016-04-07 07:00:00,9.2
2016-04-08 07:00:00,9.3
2016-04-11 07:00:00,9.3
2016-04-12 07:00:00,9.3
2016-04-13 07:00:00,9.3
2016-04-14 07:00:00,9.4
2016-04-15 07:00:00,9.4
2016-04-19 07:00:00,9.2
2016-04-20 07:00:00,9.2
2016-04-21 07:00:00,9.3
2016-04-22 07:00:00,9.4
2016-04-25 07:00:00,9.5
2016-04-26 07:00:00,9.5
2016-04-27 07:00:00,9.5
2016-04-28 07:00:00,9.4
2016-04-29 07:00:00,9.5
2016-05-04 07:00:00,9.5
2016-05-05 07:00:00,9.6
2016-05-06 07:00:00,9.6
2016-05-09 07:00:00,9.6
2016-05-10 07:00:00,9.5
2016-05-11 07:00:00,9.6
2016-05-12 07:00:00,9.7
2016-05-13 07:00:00,
2016-05-16 07:00:00,9.7
2016-05-17 07:00:00,9.8
2016-05-18 07:00:00,9.9
2016-05-19 07:00:00,9.9
2016-05-20 07:00:00,9.9
2016-05-23 07:00:00,9.8
2016-05-24 07:00:00,9.7
2016-05-25 07:00:00,9.9
2016-05-26 07:00:00,9.7
2016-05-27 07:00:00,9.7
2016-05-30 07:00:00,9.8
2016-05-31 07:00:00,9.8
2016-06-01 07:00:00,9.8
2016-06-02 07:00:00,9.8
2016-06-03 07:00:00,9.9
2016-06-06 07:00:00,9.9
2016-06-07 07:00:00,9.9
2016-06-08 07:00:00,10.0
2016-06-09 07:00:00,10.1
2016-06-10 07:00:00,10.1
2016-06-13 07:00:00,10.0
2016-06-14 07:00:00,9.9
2016-06-15 07:00:00,9.9
2016-06-16 07:00:00,9.9
2016-06-17 07:00:00,9.8
2016-06-20 07:00:00,9.9
2016-06-21 07:00:00,9.9
2016-06-22 07:00:00,9.9
2016-06-23 07:00:00,9.9
2016-06-24 07:00:00,9.7
2016-06-27 07:00:00,9.7
2016-06-28 07:00:00,9.7
2016-06-29 07:00:00,9.8
2016-06-30 07:00:00,9.9
2016-07-01 07:00:00,10.1
2016-07-04 07:00:00,10.0
2016-07-05 07:00:00,10.1
2016-07-06 07:00:00,10.1
2016-07-07 07:00:00,10.2
2016-07-08 07:00:00,10.2
2016-07-11 07:00:00,10.2
2016-07-12 07:00:00,10.2
2016-07-13 07:00:00,10.4
2016-07-14 07:00:00,10.3
2016-07-15 07:00:00,10.5
2016-07-18 07:00:00,10.4
2016-07-19 07:00:00,10.5
2016-07-20 07:00:00,10.5
2016-07-21 07:00:00,10.4
2016-07-22 07:00:00,10.2
2016-07-25 07:00:00,10.2
2016-07-26 07:00:00,
2016-07-27 07:00:00,10.2
2016-07-28 07:00:00,10.3
2016-07-29 07:00:00,
2016-08-01 07:00:00,10.2
2016-08-02 07:00:00,10.1
2016-08-03 07:00:00,10.0
2016-08-04 07:00:00,10.0
2016-08-05 07:00:00,9.8
2016-08-08 07:00:00,9.8
2016-08-09 07:00:00,9.9
2016-08-10 07:00:00,10.0
2016-08-11 07:00:00,10.1
2016-08-12 07:00:00,10.3
2016-08-15 07:00:00,10.2
2016-08-16 07:00:00,10.3
2016-08-17 07:00:00,10.4
2016-08-18 07:00:00,10.4
2016-08-19 07:00:00,10.4
2016-08-22 07:00:00,10.4
2016-08-23 07:00:00,10.4
2016-08-24 07:00:00,10.4
2016-08-25 07:00:00,10.4
2016-08-26 07:00:00,10.5
2016-08-29 07:00:00,10.6
2016-08-30 07:00:00,
2016-08-31 07:00:00,10.6
2016-09-01 07:00:00,
2016-09-05 07:00:00,10.6
2016-09-06 07:00:00,10.6
2016-09-07 07:00:00,10.5
2016-09-08 07:00:00,10.6
2016-09-09 07:00:00,10.6
2016-09-12 07:00:00,10.5
2016-09-13 07:00:00,
2016-09-14 07:00:00,10.58
2016-09-15 07:00:00,10.46
2016-09-16 07:00:00,
2016-09-19 07:00:00,10.4
2016-09-20 07:00:00,10.4
2016-09-21 07:00:00,10.6
2016-09-22 07:00:00,10.75
2016-09-23 07:00:00,
2016-09-26 07:00:00,10.79
2016-09-27 07:00:00,10.72
2016-09-28 07:00:00,10.88
2016-09-29 07:00:00,10.84
2016-09-30 07:00:00,10.86
2016-10-03 07:00:00,10.8
2016-10-04 07:00:00,10.7
2016-10-05 07:00:00,10.7
2016-10-06 07:00:00,10.77
2016-10-07 07:00:00,10.64
2016-10-10 07:00:00,10.6
2016-10-11 07:00:00,10.56
2016-10-12 07:00:00,
2016-10-13 07:00:00,10.6
2016-10-14 07:00:00,10.66
2016-10-17 07:00:00,10.59
2016-10-18 07:00:00,10.64
2016-10-19 07:00:00,10.6
2016-10-20 07:00:00,10.6
2016-10-21 07:00:00,10.64
2016-10-24 07:00:00,
2016-10-25 07:00:00,10.45
2016-10-26 07:00:00,10.39
2016-10-27 07:00:00,
2016-10-28 07:00:00,
2016-10-31 07:00:00,10.52
2016-11-01 07:00:00,10.4
2016-11-02 07:00:00,10.38
2016-11-03 07:00:00,10.21
2016-11-04 07:00:00,10.2
2016-11-07 07:00:00,10.3
2016-11-08 07:00:00,10.4
2016-11-09 07:00:00,10.2
2016-11-10 07:00:00,10.31
2016-11-11 07:00:00,
2016-11-14 07:00:00,10.31
2016-11-15 07:00:00,10.31
2016-11-16 07:00:00,10.3
2016-11-17 07:00:00,
2016-11-18 07:00:00,
2016-11-21 07:00:00,10.3
2016-11-22 07:00:00,10.3
2016-11-23 07:00:00,
2016-11-24 07:00:00,10.5
2016-11-25 07:00:00,10.45
2016-11-28 07:00:00,10.24
2016-11-29 07:00:00,10.18
2016-11-30 07:00:00,10.13
2016-12-01 07:00:00,10.26
2016-12-02 07:00:00,10.19
2016-12-05 07:00:00,10.15
2016-12-06 07:00:00,9.99
2016-12-07 07:00:00,9.97
2016-12-08 07:00:00,10.01
2016-12-09 07:00:00,10.05
2016-12-12 07:00:00,9.98
2016-12-13 07:00:00,9.9
2016-12-14 07:00:00,9.85
2016-12-15 07:00:00,9.9
2016-12-16 07:00:00,
2016-12-19 07:00:00,10.11
2016-12-20 07:00:00,10.05
2016-12-21 07:00:00,10.05
2016-12-22 07:00:00,10.04
2016-12-23 07:00:00,10.0
2016-12-26 07:00:00,10.06
2016-12-27 07:00:00,10.09
2016-12-28 07:00:00,10.08
2016-12-29 07:00:00,10.12
2016-12-30 07:00:00,10.17
2017-01-03 07:00:00,10.19
2017-01-04 07:00:00,10.25
2017-01-05 07:00:00,10.29
2017-01-06 07:00:00,10.35
2017-01-09 07:00:00,10.37
2017-01-10 07:00:00,
2017-01-11 07:00:00,10.43
2017-01-12 07:00:00,10.43
2017-01-13 07:00:00,10.41
2017-01-16 07:00:00,10.34
2017-01-17 07:00:00,10.34
2017-01-18 07:00:00,10.36
2017-01-19 07:00:00,
2017-01-20 07:00:00,
2017-01-23 07:00:00,
2017-01-24 07:00:00,10.41
2017-01-25 07:00:00,10.45
2017-02-02 07:00:00,10.52
2017-02-03 07:00:00,10.61
2017-02-06 07:00:00,10.6
2017-02-07 07:00:00,10.65
2017-02-08 07:00:00,10.67
2017-02-09 07:00:00,10.7
2017-02-10 07:00:00,10.73
2017-02-13 07:00:00,10.76
2017-02-14 07:00:00,10.76
2017-02-15 07:00:00,10.84
2017-02-16 07:00:00,10.9
2017-02-17 07:00:00,10.89
2017-02-20 07:00:00,10.8
2017-02-21 07:00:00,10.92
2017-02-22 07:00:00,10.9
2017-02-23 07:00:00,10.86
2017-02-24 07:00:00,10.87
2017-02-27 07:00:00,10.82
2017-02-28 07:00:00,
2017-03-01 07:00:00,10.7
2017-03-02 07:00:00,10.72
2017-03-03 07:00:00,10.69
2017-03-06 07:00:00,10.74
2017-03-07 07:00:00,10.75
2017-03-08 07:00:00,10.79
2017-03-09 07:00:00,10.83
2017-03-10 07:00:00,10.86
2017-03-13 07:00:00,10.86
2017-03-14 07:00:00,10.89
2017-03-15 07:00:00,10.85
2017-03-16 07:00:00,10.85
2017-03-17 07:00:00,10.9
2017-03-20 07:00:00,11.0
2017-03-21 07:00:00,11.03
2017-03-22 07:00:00,11.08
2017-03-23 07:00:00,11.18
2017-03-24 07:00:00,11.32
2017-03-27 07:00:00,11.29
2017-03-28 07:00:00,11.25
2017-03-29 07:00:00,11.32
2017-03-30 07:00:00,11.32
2017-03-31 07:00:00,11.3
2017-04-03 07:00:00,11.34
2017-04-04 07:00:00,11.37
2017-04-05 07:00:00,11.36
2017-04-07 07:00:00,11.29
2017-04-10 07:00:00,11.4
2017-04-11 07:00:00,11.39
2017-04-12 07:00:00,11.38
2017-04-13 07:00:00,11.34
2017-04-14 07:00:00,11.14
2017-04-17 07:00:00,11.0
2017-04-18 07:00:00,10.96
2017-04-19 07:00:00,11.08
2017-04-20 07:00:00,11.04
2017-04-21 07:00:00,11.03
2017-04-24 07:00:00,10.95
2017-04-25 07:00:00,10.92
2017-04-26 07:00:00,10.99
2017-04-27 07:00:00,11.14
2017-04-28 07:00:00,11.14
2017-05-03 07:00:00,11.18
2017-05-04 07:00:00,11.21
2017-05-05 07:00:00,11.23
2017-05-08 07:00:00,11.19
2017-05-09 07:00:00,11.24
2017-05-10 07:00:00,11.35
2017-05-11 07:00:00,11.32
2017-05-12 07:00:00,11.3
2017-05-15 07:00:00,11.37
2017-05-16 07:00:00,11.41
2017-05-17 07:00:00,11.38
2017-05-18 07:00:00,11.4
2017-05-19 07:00:00,11.46
2017-05-22 07:00:00,11.6
2017-05-23 07:00:00,11.61
2017-05-24 07:00:00,11.78
2017-05-25 07:00:00,11.7
2017-05-26 07:00:00,11.77
2017-05-29 07:00:00,11.85
2017-05-30 07:00:00,11.83
2017-05-31 07:00:00,11.61
2017-06-01 07:00:00,11.79
2017-06-02 07:00:00,11.78
2017-06-05 07:00:00,11.84
2017-06-06 07:00:00,11.91
2017-06-07 07:00:00,12.1
2017-06-08 07:00:00,12.04
2017-06-09 07:00:00,12.13
2017-06-12 07:00:00,12.09
2017-06-13 07:00:00,12.14
2017-06-14 07:00:00,12.24
2017-06-15 07:00:00,12.26
2017-06-16 07:00:00,12.3
2017-06-19 07:00:00,12.37
2017-06-20 07:00:00,12.46
2017-06-21 07:00:00,12.37
2017-06-22 07:00:00,12.45
2017-06-23 07:00:00,12.37
2017-06-26 07:00:00,12.45
2017-06-27 07:00:00,12.39
2017-06-28 07:00:00,12.36
2017-06-29 07:00:00,12.49
2017-06-30 07:00:00,12.56
2017-07-03 07:00:00,12.63
2017-07-04 07:00:00,12.57
2017-07-05 07:00:00,13.4
2017-07-06 07:00:00,12.65
2017-07-07 07:00:00,12.6
2017-07-10 07:00:00,12.3
2017-07-11 07:00:00,12.38
2017-07-12 07:00:00,12.44
2017-07-13 07:00:00,12.44
2017-07-14 07:00:00,12.47
2017-07-17 07:00:00,12.27
2017-07-18 07:00:00,12.02
2017-07-19 07:00:00,12.14
2017-07-20 07:00:00,12.11
2017-07-21 07:00:00,12.04
2017-07-24 07:00:00,12.03
2017-07-25 07:00:00,12.0
2017-07-26 07:00:00,12.14
2017-07-27 07:00:00,12.14
2017-07-28 07:00:00,12.27
2017-07-31 07:00:00,12.35
2017-08-01 07:00:00,12.44
2017-08-02 07:00:00,12.43
2017-08-03 07:00:00,12.36
2017-08-04 07:00:00,12.38
2017-08-07 07:00:00,12.49
2017-08-08 07:00:00,12.43
2017-08-09 07:00:00,12.3
2017-08-10 07:00:00,12.2
2017-08-11 07:00:00,12.19
2017-08-14 07:00:00,12.25
2017-08-15 07:00:00,12.22
2017-08-16 07:00:00,12.27
2017-08-17 07:00:00,12.22
2017-08-18 07:00:00,12.22
2017-08-21 07:00:00,12.18
2017-08-22 07:00:00,12.17
2017-08-23 07:00:00,12.12
2017-08-24 07:00:00,12.29
2017-08-25 07:00:00,12.26
2017-08-28 07:00:00,12.39
2017-08-29 07:00:00,12.39
2017-08-30 07:00:00,12.46
2017-08-31 07:00:00,12.63
2017-09-01 07:00:00,12.69
2017-09-05 07:00:00,12.73
2017-09-06 07:00:00,12.75
2017-09-07 07:00:00,12.82
2017-09-08 07:00:00,12.8
2017-09-11 07:00:00,12.82
2017-09-12 07:00:00,12.81
2017-09-13 07:00:00,12.82
2017-09-14 07:00:00,13.04
2017-09-15 07:00:00,13.02
2017-09-18 07:00:00,13.06
2017-09-19 07:00:00,13.12
2017-09-20 07:00:00,13.04
2017-09-21 07:00:00,12.96
2017-09-22 07:00:00,12.95
2017-09-25 07:00:00,13.0
2017-09-26 07:00:00,13.0
2017-09-27 07:00:00,12.95
2017-09-28 07:00:00,13.06
2017-09-29 07:00:00,13.0
2017-10-02 07:00:00,12.96
2017-10-03 07:00:00,12.9
2017-10-04 07:00:00,13.05
2017-10-05 07:00:00,13.11
2017-10-06 07:00:00,13.15
2017-10-09 07:00:00,13.2
2017-10-10 07:00:00,13.25
2017-10-11 07:00:00,13.31
2017-10-12 07:00:00,13.4
2017-10-13 07:00:00,13.42
2017-10-16 07:00:00,13.42
2017-10-17 07:00:00,13.46
2017-10-18 07:00:00,13.46
2017-10-19 07:00:00,13.48
2017-10-20 07:00:00,13.4
2017-10-23 07:00:00,13.35
2017-10-24 07:00:00,13.41
2017-10-25 07:00:00,13.56
2017-10-26 07:00:00,13.52
2017-10-27 07:00:00,13.72
2017-10-30 07:00:00,13.84
2017-10-31 07:00:00,13.78
2017-11-01 07:00:00,13.75
2017-11-02 07:00:00,13.71
2017-11-03 07:00:00,13.71
2017-11-06 07:00:00,13.86
2017-11-07 07:00:00,13.96
2017-11-08 07:00:00,14.13
2017-11-09 07:00:00,14.02
2017-11-10 07:00:00,14.15
2017-11-13 07:00:00,14.22
2017-11-14 07:00:00,14.33
2017-11-15 07:00:00,14.57
2017-11-16 07:00:00,14.61
2017-11-17 07:00:00,14.65
2017-11-20 07:00:00,14.82
2017-11-21 07:00:00,15.06
2017-11-22 07:00:00,15.25
2017-11-23 07:00:00,15.3
2017-11-24 07:00:00,15.31
2017-11-27 07:00:00,15.3
2017-11-28 07:00:00,15.34
2017-11-29 07:00:00,15.49
2017-11-30 07:00:00,15.64
2017-12-01 07:00:00,15.73
2017-12-04 07:00:00,15.99
2017-12-05 07:00:00,15.65
2017-12-06 07:00:00,15.28
2017-12-07 07:00:00,15.42
2017-12-08 07:00:00,15.43
2017-12-11 07:00:00,15.33
2017-12-12 07:00:00,15.28
2017-12-13 07:00:00,15.13
2017-12-14 07:00:00,15.36
2017-12-15 07:00:00,15.43
2017-12-18 07:00:00,15.71
2017-12-19 07:00:00,15.74
2017-12-20 07:00:00,15.74
2017-12-21 07:00:00,15.71
2017-12-22 07:00:00,15.65
2017-12-25 07:00:00,15.73
2017-12-26 07:00:00,15.85
2017-12-27 07:00:00,15.86
2017-12-28 07:00:00,16.04
2017-12-29 07:00:00,16.18
2018-01-02 07:00:00,16.41
2018-01-03 07:00:00,16.65
2018-01-04 07:00:00,16.75
2018-01-05 07:00:00,16.71
2018-01-08 07:00:00,16.98
2018-01-09 07:00:00,17.16
2018-01-10 07:00:00,17.09
2018-01-11 07:00:00,17.35
2018-01-12 07:00:00,17.45
2018-01-15 07:00:00,17.6
2018-01-16 07:00:00,17.58
2018-01-17 07:00:00,17.25
2018-01-18 07:00:00,17.25
2018-01-19 07:00:00,17.55
2018-01-22 07:00:00,17.85
2018-01-23 07:00:00,
2018-01-24 07:00:00,
2018-01-25 07:00:00,18.5
2018-01-26 07:00:00,18.15
2018-01-29 07:00:00,18.01
2018-01-30 07:00:00,18.0
2018-01-31 07:00:00,18.0
2018-02-01 07:00:00,17.8
2018-02-02 07:00:00,17.9
2018-02-05 07:00:00,16.91
2018-02-06 07:00:00,16.44
2018-02-07 07:00:00,16.94
2018-02-08 07:00:00,16.65
2018-02-09 07:00:00,16.35
2018-02-12 07:00:00,17.0
2018-02-13 07:00:00,17.33
2018-02-21 07:00:00,17.67
2018-02-22 07:00:00,17.45
2018-02-23 07:00:00,17.9
2018-02-26 07:00:00,18.0
2018-02-27 07:00:00,18.0
2018-02-28 07:00:00,18.0
2018-03-01 07:00:00,18.15
2018-03-02 07:00:00,18.24
2018-03-05 07:00:00,17.9
2018-03-06 07:00:00,17.9
2018-03-07 07:00:00,17.7
2018-03-08 07:00:00,18.1
2018-03-09 07:00:00,18.17
2018-03-12 07:00:00,18.0
2018-03-13 07:00:00,18.1
2018-03-14 07:00:00,18.3
2018-03-15 07:00:00,18.21
2018-03-16 07:00:00,18.3
2018-03-19 07:00:00,18.55
2018-03-20 07:00:00,18.65
2018-03-21 07:00:00,18.78
2018-03-22 07:00:00,18.91
2018-03-23 07:00:00,18.7
2018-03-26 07:00:00,18.76
2018-03-27 07:00:00,18.95
2018-03-28 07:00:00,18.9
2018-03-29 07:00:00,18.75
2018-03-30 07:00:00,18.88
2018-04-02 07:00:00,19.1
2018-04-03 07:00:00,18.96
2018-04-04 07:00:00,19.1
2018-04-05 07:00:00,19.2
2018-04-06 07:00:00,19.0
2018-04-09 07:00:00,19.3
2018-04-10 07:00:00,19.05
2018-04-11 07:00:00,18.7
2018-04-12 07:00:00,18.72
2018-04-13 07:00:00,18.6
2018-04-16 07:00:00,18.5
2018-04-17 07:00:00,18.55
2018-04-18 07:00:00,18.3
2018-04-19 07:00:00,18.2
2018-04-20 07:00:00,17.8
2018-04-23 07:00:00,17.4
2018-04-24 07:00:00,17.3
2018-04-26 07:00:00,16.7
2018-04-27 07:00:00,16.6
2018-05-02 07:00:00,16.4
2018-05-03 07:00:00,16.49
2018-05-04 07:00:00,16.52
2018-05-07 07:00:00,17.2
2018-05-08 07:00:00,17.17
2018-05-09 07:00:00,17.1
2018-05-10 07:00:00,17.0
2018-05-11 07:00:00,16.8
2018-05-14 07:00:00,17.29
2018-05-15 07:00:00,17.3
2018-05-16 07:00:00,16.99
2018-05-17 07:00:00,16.65
2018-05-18 07:00:00,16.7
2018-05-21 07:00:00,16.4
2018-05-22 07:00:00,15.63
2018-05-23 07:00:00,15.9
2018-05-24 07:00:00,15.6
2018-05-25 07:00:00,15.4
2018-05-28 07:00:00,14.8
2018-05-29 07:00:00,15.1
2018-05-30 07:00:00,15.0
2018-05-31 07:00:00,15.8
2018-06-01 07:00:00,16.04
2018-06-04 07:00:00,16.34
2018-06-05 07:00:00,16.45
2018-06-06 07:00:00,16.73
2018-06-07 07:00:00,16.8
2018-06-08 07:00:00,16.78
2018-06-11 07:00:00,16.86
2018-06-12 07:00:00,16.6
2018-06-13 07:00:00,16.75
2018-06-14 07:00:00,16.31
2018-06-15 07:00:00,16.54
2018-06-18 07:00:00,16.0
2018-06-19 07:00:00,15.11
2018-06-20 07:00:00,16.0
2018-06-21 07:00:00,15.56
2018-06-22 07:00:00,15.99
2018-06-25 07:00:00,16.14
2018-06-26 07:00:00,15.93
2018-06-27 07:00:00,15.8
2018-06-28 07:00:00,15.49
2018-06-29 07:00:00,15.89
2018-07-02 07:00:00,15.33
2018-07-03 07:00:00,14.8
2018-07-04 07:00:00,14.99
2018-07-05 07:00:00,14.52
2018-07-06 07:00:00,14.9
2018-07-09 07:00:00,14.82
2018-07-10 07:00:00,14.82
2018-07-11 07:00:00,14.46
2018-07-12 07:00:00,14.51
2018-07-13 07:00:00,14.85
2018-07-16 07:00:00,14.9
2018-07-17 07:00:00,14.95
2018-07-18 07:00:00,15.4
2018-07-19 07:00:00,15.41
2018-07-20 07:00:00,15.53
2018-07-23 07:00:00,15.6
2018-07-24 07:00:00,15.2
2018-07-25 07:00:00,15.16
2018-07-26 07:00:00,15.01
2018-07-27 07:00:00,15.21
2018-07-30 07:00:00,15.41
2018-07-31 07:00:00,15.55
2018-08-01 07:00:00,15.55
2018-08-02 07:00:00,15.4
2018-08-03 07:00:00,15.48
2018-08-06 07:00:00,15.4
2018-08-07 07:00:00,15.4
2018-08-08 07:00:00,15.55
2018-08-09 07:00:00,15.55
2018-08-10 07:00:00,15.55
2018-08-13 07:00:00,15.85
2018-08-14 07:00:00,15.84
2018-08-15 07:00:00,15.6
2018-08-16 07:00:00,15.55
2018-08-17 07:00:00,15.68
2018-08-20 07:00:00,15.45
2018-08-21 07:00:00,15.65
2018-08-22 07:00:00,15.75
2018-08-23 07:00:00,15.82
2018-08-24 07:00:00,15.81
2018-08-27 07:00:00,15.9
2018-08-28 07:00:00,15.99
2018-08-29 07:00:00,15.98
2018-08-30 07:00:00,15.98
2018-08-31 07:00:00,15.95
2018-09-04 07:00:00,15.8
2018-09-05 07:00:00,15.5
2018-09-06 07:00:00,15.4
2018-09-07 07:00:00,15.56
2018-09-10 07:00:00,15.5
2018-09-11 07:00:00,15.78
2018-09-12 07:00:00,15.85
2018-09-13 07:00:00,15.71
2018-09-14 07:00:00,16.1
2018-09-17 07:00:00,15.7
2018-09-18 07:00:00,15.75
2018-09-19 07:00:00,15.9
2018-09-20 07:00:00,15.96
2018-09-21 07:00:00,16.2
2018-09-24 07:00:00,16.21
2018-09-25 07:00:00,16.22
2018-09-26 07:00:00,16.24
2018-09-27 07:00:00,16.29
2018-09-28 07:00:00,16.37
2018-10-01 07:00:00,16.45
2018-10-02 07:00:00,16.3
2018-10-03 07:00:00,16.35
2018-10-04 07:00:00,16.31
2018-10-05 07:00:00,16.13
2018-10-08 07:00:00,16.0
2018-10-09 07:00:00,15.96
2018-10-10 07:00:00,15.91
2018-10-11 07:00:00,15.15
2018-10-12 07:00:00,15.59
2018-10-15 07:00:00,15.21
2018-10-16 07:00:00,15.43
2018-10-17 07:00:00,15.58
2018-10-18 07:00:00,15.48
2018-10-19 07:00:00,15.4
2018-10-22 07:00:00,15.3
2018-10-23 07:00:00,15.02
2018-10-24 07:00:00,14.7
2018-10-25 07:00:00,14.6
2018-10-26 07:00:00,14.52
2018-10-29 07:00:00,14.42
2018-10-30 07:00:00,14.42
2018-10-31 07:00:00,15.02
2018-11-01 07:00:00,14.57
2018-11-02 07:00:00,15.02
2018-11-05 07:00:00,15.02
2018-11-06 07:00:00,14.88
2018-11-07 07:00:00,14.8
2018-11-08 07:00:00,14.85
2018-11-09 07:00:00,14.6
2018-11-12 07:00:00,14.6
2018-11-13 07:00:00,14.47
2018-11-14 07:00:00,14.36
2018-11-15 07:00:00,14.17
2018-11-16 07:00:00,14.41
2018-11-19 07:00:00,14.93
2018-11-20 07:00:00,14.7
2018-11-21 07:00:00,14.8
2018-11-22 07:00:00,14.81
2018-11-23 07:00:00,14.6
2018-11-26 07:00:00,14.71
2018-11-27 07:00:00,14.75
2018-11-28 07:00:00,14.78
2018-11-29 07:00:00,14.78
2018-11-30 07:00:00,14.72
2018-12-03 07:00:00,15.18
2018-12-04 07:00:00,15.5
2018-12-05 07:00:00,15.27
2018-12-06 07:00:00,15.14
2018-12-07 07:00:00,15.3
2018-12-10 07:00:00,15.2
2018-12-11 07:00:00,15.15
2018-12-12 07:00:00,15.35
2018-12-13 07:00:00,15.45
2018-12-14 07:00:00,15.34
2018-12-17 07:00:00,14.8
2018-12-18 07:00:00,14.57
2018-12-19 07:00:00,14.55
2018-12-20 07:00:00,14.53
2018-12-21 07:00:00,14.5
2018-12-24 07:00:00,14.4
2018-12-25 07:00:00,14.13
2018-12-26 07:00:00,14.1
2018-12-27 07:00:00,14.32
2018-12-28 07:00:00,14.31
2019-01-02 07:00:00,14.1
2019-01-03 07:00:00,13.93
2019-01-04 07:00:00,13.92
2019-01-07 07:00:00,13.98
2019-01-08 07:00:00,14.1
2019-01-09 07:00:00,14.0
2019-01-10 07:00:00,14.2
2019-01-11 07:00:00,14.17
2019-01-14 07:00:00,14.15
2019-01-15 07:00:00,14.25
2019-01-16 07:00:00,14.26
2019-01-17 07:00:00,14.04
2019-01-18 07:00:00,14.05
2019-01-21 07:00:00,14.39
2019-01-22 07:00:00,14.2
2019-01-23 07:00:00,14.28
2019-01-24 07:00:00,14.27
2019-01-25 07:00:00,14.2
2019-01-28 07:00:00,14.31
2019-01-29 07:00:00,14.5
2019-01-30 07:00:00,14.42
2019-01-31 07:00:00,14.26
2019-02-01 07:00:00,14.2
2019-02-11 07:00:00,14.69
2019-02-12 07:00:00,14.8
2019-02-13 07:00:00,14.9
2019-02-14 07:00:00,14.95
2019-02-15 07:00:00,14.9
2019-02-18 07:00:00,14.94
2019-02-19 07:00:00,15.02
2019-02-20 07:00:00,15.15
2019-02-21 07:00:00,15.18
2019-02-22 07:00:00,15.4
2019-02-25 07:00:00,15.55
2019-02-26 07:00:00,15.37
2019-02-27 07:00:00,15.44
2019-02-28 07:00:00,15.0
2019-03-01 07:00:00,15.2
2019-03-04 07:00:00,15.39
2019-03-05 07:00:00,15.3
2019-03-06 07:00:00,15.3
2019-03-07 07:00:00,15.4
2019-03-08 07:00:00,15.22
2019-03-11 07:00:00,15.2
2019-03-12 07:00:00,15.3
2019-03-13 07:00:00,15.46
2019-03-14 07:00:00,15.48
2019-03-15 07:00:00,15.35
2019-03-18 07:00:00,15.41
2019-03-19 07:00:00,15.3
2019-03-20 07:00:00,15.24
2019-03-21 07:00:00,15.11
2019-03-22 07:00:00,15.4
2019-03-25 07:00:00,14.73
2019-03-26 07:00:00,15.0
2019-03-27 07:00:00,14.86
2019-03-28 07:00:00,14.89
2019-03-29 07:00:00,14.7
2019-04-01 07:00:00,14.94
2019-04-02 07:00:00,14.97
2019-04-03 07:00:00,15.0
2019-04-04 07:00:00,14.95
2019-04-05 07:00:00,14.98
2019-04-08 07:00:00,15.0
2019-04-09 07:00:00,14.9
2019-04-10 07:00:00,14.8
2019-04-11 07:00:00,14.81
2019-04-12 07:00:00,14.81
2019-04-16 07:00:00,14.68
2019-04-17 07:00:00,14.75
2019-04-18 07:00:00,14.61
2019-04-19 07:00:00,14.65
2019-04-22 07:00:00,14.57
2019-04-23 07:00:00,14.52
2019-04-24 07:00:00,14.8
2019-04-25 07:00:00,14.63
2019-04-26 07:00:00,14.72
2019-05-02 07:00:00,14.72
2019-05-03 07:00:00,14.9
2019-05-06 07:00:00,14.52
2019-05-07 07:00:00,14.5
2019-05-08 07:00:00,14.46
2019-05-09 07:00:00,14.46
2019-05-10 07:00:00,14.46
2019-05-13 07:00:00,14.5
2019-05-14 07:00:00,14.56
2019-05-15 07:00:00,14.77
2019-05-16 07:00:00,14.82
2019-05-17 07:00:00,14.77
2019-05-20 07:00:00,14.94
2019-05-21 07:00:00,14.98
2019-05-22 07:00:00,14.8
2019-05-23 07:00:00,14.84
2019-05-24 07:00:00,14.79
2019-05-27 07:00:00,14.75
2019-05-28 07:00:00,14.81
2019-05-29 07:00:00,14.7
2019-05-30 07:00:00,14.78
2019-05-31 07:00:00,14.55
2019-06-03 07:00:00,14.1
2019-06-04 07:00:00,14.39
2019-06-05 07:00:00,14.37
2019-06-06 07:00:00,14.21
2019-06-07 07:00:00,14.38
2019-06-10 07:00:00,14.32
2019-06-11 07:00:00,14.49
2019-06-12 07:00:00,14.3
2019-06-13 07:00:00,14.3
2019-06-14 07:00:00,14.5
2019-06-17 07:00:00,14.19
2019-06-18 07:00:00,14.05
2019-06-19 07:00:00,14.2
2019-06-20 07:00:00,14.4
2019-06-21 07:00:00,14.41
2019-06-24 07:00:00,14.45
2019-06-25 07:00:00,14.42
2019-06-26 07:00:00,14.34
2019-06-27 07:00:00,14.22
2019-06-28 07:00:00,14.21
2019-07-01 07:00:00,14.55
2019-07-02 07:00:00,14.55
2019-07-03 07:00:00,14.35
2019-07-04 07:00:00,14.59
2019-07-05 07:00:00,14.6
2019-07-08 07:00:00,14.51
2019-07-09 07:00:00,14.42
2019-07-10 07:00:00,14.56
2019-07-11 07:00:00,14.6
2019-07-12 07:00:00,14.55
2019-07-15 07:00:00,14.48
2019-07-16 07:00:00,14.56
2019-07-17 07:00:00,14.57
2019-07-18 07:00:00,14.49
2019-07-19 07:00:00,14.57
2019-07-22 07:00:00,14.59
2019-07-23 07:00:00,14.68
2019-07-24 07:00:00,14.73
2019-07-25 07:00:00,14.79
2019-07-26 07:00:00,14.75
2019-07-29 07:00:00,14.73
2019-07-30 07:00:00,14.64
2019-07-31 07:00:00,14.71
2019-08-01 07:00:00,14.68
2019-08-02 07:00:00,14.66
2019-08-05 07:00:00,14.5
2019-08-06 07:00:00,14.3
2019-08-07 07:00:00,14.37
2019-08-08 07:00:00,14.5
2019-08-09 07:00:00,14.56
2019-08-12 07:00:00,14.62
2019-08-13 07:00:00,14.58
2019-08-14 07:00:00,14.62
2019-08-15 07:00:00,14.72
2019-08-16 07:00:00,14.86
2019-08-19 07:00:00,14.85
2019-08-20 07:00:00,14.85
2019-08-21 07:00:00,14.94
2019-08-22 07:00:00,14.97
2019-08-23 07:00:00,14.95
2019-08-26 07:00:00,14.85
2019-08-27 07:00:00,14.7
2019-08-28 07:00:00,14.7
2019-08-29 07:00:00,14.73
2019-08-30 07:00:00,14.88
2019-09-03 07:00:00,14.78
2019-09-04 07:00:00,14.75
2019-09-05 07:00:00,14.73
2019-09-06 07:00:00,14.75
2019-09-09 07:00:00,14.7
2019-09-10 07:00:00,14.69
2019-09-11 07:00:00,14.7
2019-09-12 07:00:00,14.81
2019-09-13 07:00:00,14.9
2019-09-16 07:00:00,15.06
2019-09-17 07:00:00,15.12
2019-09-18 07:00:00,15.15
2019-09-19 07:00:00,15.21
2019-09-20 07:00:00,15.26
2019-09-23 07:00:00,15.22
2019-09-24 07:00:00,15.16
2019-09-25 07:00:00,15.16
2019-09-26 07:00:00,15.2
2019-09-27 07:00:00,15.4
2019-09-30 07:00:00,15.46
2019-10-01 07:00:00,15.5
2019-10-02 07:00:00,15.28
2019-10-03 07:00:00,15.4
2019-10-04 07:00:00,15.22
2019-10-07 07:00:00,15.3
2019-10-08 07:00:00,15.2
2019-10-09 07:00:00,15.23
2019-10-10 07:00:00,15.23
2019-10-11 07:00:00,15.3
2019-10-14 07:00:00,15.5
2019-10-15 07:00:00,15.4
2019-10-16 07:00:00,15.4
2019-10-17 07:00:00,15.29
2019-10-18 07:00:00,15.3
2019-10-21 07:00:00,15.26
2019-10-22 07:00:00,15.23
2019-10-23 07:00:00,15.3
2019-10-24 07:00:00,15.35
2019-10-25 07:00:00,15.4
2019-10-28 07:00:00,15.45
2019-10-29 07:00:00,15.41
2019-10-30 07:00:00,15.5
2019-10-31 07:00:00,15.38
2019-11-01 07:00:00,15.5
2019-11-04 07:00:00,15.62
2019-11-05 07:00:00,15.67
2019-11-06 07:00:00,15.72
2019-11-07 07:00:00,15.73
2019-11-08 07:00:00,15.7
2019-11-11 07:00:00,15.67
2019-11-12 07:00:00,15.65
2019-11-13 07:00:00,15.5
2019-11-14 07:00:00,15.45
2019-11-15 07:00:00,15.43
2019-11-18 07:00:00,15.33
2019-11-19 07:00:00,15.4
2019-11-20 07:00:00,15.3
2019-11-21 07:00:00,15.0
2019-11-22 07:00:00,14.87
2019-11-25 07:00:00,14.91
2019-11-26 07:00:00,14.98
2019-11-27 07:00:00,14.9
2019-11-28 07:00:00,14.74
2019-11-29 07:00:00,14.75
2019-12-02 07:00:00,14.65
2019-12-03 07:00:00,14.5
2019-12-04 07:00:00,14.75
2019-12-05 07:00:00,14.64
2019-12-06 07:00:00,14.67
2019-12-09 07:00:00,14.66
2019-12-10 07:00:00,14.52
2019-12-11 07:00:00,14.8
2019-12-12 07:00:00,14.73
2019-12-13 07:00:00,14.8
2019-12-16 07:00:00,14.56
2019-12-17 07:00:00,14.48
2019-12-18 07:00:00,14.35
2019-12-19 07:00:00,14.3
2019-12-20 07:00:00,14.36
2019-12-23 07:00:00,14.44
2019-12-24 07:00:00,14.5
2019-12-25 07:00:00,14.5
2019-12-26 07:00:00,14.5
2019-12-27 07:00:00,14.61
2019-12-30 07:00:00,14.66
2019-12-31 07:00:00,14.76
2020-01-02 07:00:00,14.78
2020-01-03 07:00:00,14.7
2020-01-06 07:00:00,14.6
2020-01-07 07:00:00,14.58
2020-01-08 07:00:00,14.43
2020-01-09 07:00:00,14.6
2020-01-10 07:00:00,14.72
2020-01-13 07:00:00,14.7
2020-01-14 07:00:00,14.74
2020-01-15 07:00:00,14.73
2020-01-16 07:00:00,14.85
2020-01-17 07:00:00,14.91
2020-01-20 07:00:00,14.92
2020-01-21 07:00:00,15.8
2020-01-22 07:00:00,15.1
2020-01-30 07:00:00,14.6
2020-01-31 07:00:00,14.15
2020-02-03 07:00:00,13.97
2020-02-04 07:00:00,14.04
2020-02-05 07:00:00,14.0
2020-02-06 07:00:00,14.35
2020-02-07 07:00:00,14.4
2020-02-10 07:00:00,14.25
2020-02-11 07:00:00,14.26
2020-02-12 07:00:00,14.46
2020-02-13 07:00:00,14.68
2020-02-14 07:00:00,14.43
2020-02-17 07:00:00,14.39
2020-02-18 07:00:00,14.35
2020-02-19 07:00:00,14.31
2020-02-20 07:00:00,14.4
2020-02-21 07:00:00,14.43
2020-02-24 07:00:00,14.11
2020-02-25 07:00:00,14.09
2020-02-26 07:00:00,14.05
2020-02-27 07:00:00,14.12
2020-02-28 07:00:00,13.86
2020-03-02 07:00:00,13.99
2020-03-03 07:00:00,14.08
2020-03-04 07:00:00,13.87
2020-03-05 07:00:00,13.95
2020-03-06 07:00:00,13.81
2020-03-09 07:00:00,13.02
2020-03-10 07:00:00,13.0
2020-03-11 07:00:00,12.55
2020-03-12 07:00:00,11.8
2020-03-13 07:00:00,12.0
2020-03-16 07:00:00,11.53
2020-03-17 07:00:00,11.63
2020-03-18 07:00:00,11.51
2020-03-19 07:00:00,11.15
2020-03-20 07:00:00,11.24
2020-03-23 07:00:00,10.5
2020-03-24 07:00:00,10.4
2020-03-25 07:00:00,10.85
2020-03-26 07:00:00,10.7
2020-03-27 07:00:00,10.67
2020-03-30 07:00:00,10.1
2020-03-31 07:00:00,10.75
2020-04-01 07:00:00,10.38
2020-04-03 07:00:00,10.71
2020-04-06 07:00:00,11.22
2020-04-07 07:00:00,11.5
2020-04-08 07:00:00,11.55
2020-04-09 07:00:00,11.68
2020-04-10 07:00:00,11.5
2020-04-13 07:00:00,11.8
2020-04-14 07:00:00,11.82
2020-04-15 07:00:00,12.1
2020-04-16 07:00:00,11.95
2020-04-17 07:00:00,12.25
2020-04-20 07:00:00,12.3
2020-04-21 07:00:00,11.82
2020-04-22 07:00:00,11.91
2020-04-23 07:00:00,11.95
2020-04-24 07:00:00,12.05
2020-04-27 07:00:00,12.13
2020-04-28 07:00:00,11.94
2020-04-29 07:00:00,12.0
2020-05-04 07:00:00,11.9
2020-05-05 07:00:00,11.86
2020-05-06 07:00:00,12.18
2020-05-07 07:00:00,12.35
2020-05-08 07:00:00,12.7
2020-05-11 07:00:00,12.95
2020-05-12 07:00:00,13.1
2020-05-13 07:00:00,13.04
2020-05-14 07:00:00,12.95
2020-05-15 07:00:00,12.93
2020-05-18 07:00:00,13.07
2020-05-19 07:00:00,13.4
2020-05-20 07:00:00,13.45
2020-05-21 07:00:00,13.7
2020-05-22 07:00:00,13.42
2020-05-25 07:00:00,13.4
2020-05-26 07:00:00,13.58
2020-05-27 07:00:00,13.46
2020-05-28 07:00:00,13.43
2020-05-29 07:00:00,13.47
2020-06-01 07:00:00,13.69
2020-06-02 07:00:00,13.62
2020-06-03 07:00:00,13.63
2020-06-04 07:00:00,13.7
2020-06-05 07:00:00,13.75
2020-06-08 07:00:00,14.0
2020-06-09 07:00:00,13.96
2020-06-10 07:00:00,14.14
2020-06-11 07:00:00,13.65
2020-06-12 07:00:00,13.55
2020-06-15 07:00:00,13.0
2020-06-16 07:00:00,13.29
2020-06-17 07:00:00,13.4
2020-06-18 07:00:00,13.35
2020-06-19 07:00:00,13.5
2020-06-22 07:00:00,13.55
2020-06-23 07:00:00,13.54
2020-06-24 07:00:00,13.4
2020-06-25 07:00:00,13.34
2020-06-26 07:00:00,13.35
2020-06-29 07:00:00,12.82
2020-06-30 07:00:00,13.3
2020-07-01 07:00:00,13.3
2020-07-02 07:00:00,13.18
2020-07-03 07:00:00,13.29
2020-07-06 07:00:00,13.5
2020-07-07 07:00:00,13.48
2020-07-08 07:00:00,13.44
2020-07-09 07:00:00,13.7
2020-07-10 07:00:00,13.69
2020-07-13 07:00:00,13.5
2020-07-14 07:00:00,13.5
2020-07-15 07:00:00,13.7
2020-07-16 07:00:00,13.6
2020-07-17 07:00:00,13.6
2020-07-20 07:00:00,13.47
2020-07-21 07:00:00,13.5
2020-07-22 07:00:00,13.4
2020-07-23 07:00:00,13.28
2020-07-24 07:00:00,13.0
2020-07-27 07:00:00,12.25
2020-07-28 07:00:00,12.6
2020-07-29 07:00:00,12.38
2020-07-30 07:00:00,12.46
2020-07-31 07:00:00,12.4
2020-08-03 07:00:00,12.62
2020-08-04 07:00:00,12.9
2020-08-05 07:00:00,13.07
2020-08-06 07:00:00,13.44
2020-08-07 07:00:00,13.2
2020-08-10 07:00:00,13.29
2020-08-11 07:00:00,13.13
2020-08-12 07:00:00,13.3
2020-08-13 07:00:00,13.32
2020-08-14 07:00:00,13.3
2020-08-17 07:00:00,13.27
2020-08-18 07:00:00,13.28
2020-08-19 07:00:00,13.3
2020-08-20 07:00:00,13.25
2020-08-21 07:00:00,13.31
2020-08-24 07:00:00,13.58
2020-08-25 07:00:00,13.78
2020-08-26 07:00:00,13.68
2020-08-27 07:00:00,13.75
2020-08-28 07:00:00,13.85
2020-08-31 07:00:00,13.79
2020-09-01 07:00:00,13.98
2020-09-03 07:00:00,14.12
2020-09-04 07:00:00,14.09
2020-09-07 07:00:00,14.0
2020-09-08 07:00:00,13.97
2020-09-09 07:00:00,13.8
2020-09-10 07:00:00,13.83
2020-09-11 07:00:00,13.87
2020-09-14 07:00:00,13.95
2020-09-15 07:00:00,13.97
2020-09-16 07:00:00,14.0
2020-09-17 07:00:00,14.0
2020-09-18 07:00:00,14.2
2020-09-21 07:00:00,14.28
2020-09-22 07:00:00,14.3
2020-09-23 07:00:00,14.38
2020-09-24 07:00:00,14.3
2020-09-25 07:00:00,14.3
2020-09-28 07:00:00,14.49
2020-09-29 07:00:00,14.53
2020-09-30 07:00:00,14.52
2020-10-01 07:00:00,14.55
2020-10-02 07:00:00,14.5
2020-10-05 07:00:00,14.54
2020-10-06 07:00:00,14.61
2020-10-07 07:00:00,14.66
2020-10-08 07:00:00,14.6
2020-10-09 07:00:00,14.63
2020-10-12 07:00:00,14.7
2020-10-13 07:00:00,14.7
2020-10-14 07:00:00,14.95
2020-10-15 07:00:00,15.07
2020-10-16 07:00:00,15.1
2020-10-19 07:00:00,15.14
2020-10-20 07:00:00,15.3
2020-10-21 07:00:00,15.3
2020-10-22 07:00:00,15.45
2020-10-23 07:00:00,15.62
2020-10-26 07:00:00,15.74
2020-10-27 07:00:00,15.41
2020-10-28 07:00:00,14.8
2020-10-29 07:00:00,14.79
2020-10-30 07:00:00,14.9
2020-11-02 07:00:00,14.96
2020-11-03 07:00:00,15.18
2020-11-04 07:00:00,15.23
2020-11-05 07:00:00,15.2
2020-11-06 07:00:00,15.2
2020-11-09 07:00:00,15.33
2020-11-10 07:00:00,15.5
2020-11-11 07:00:00,15.36
2020-11-12 07:00:00,15.41
2020-11-13 07:00:00,15.7
2020-11-16 07:00:00,15.35
2020-11-17 07:00:00,15.52
2020-11-18 07:00:00,15.7
2020-11-19 07:00:00,15.82
2020-11-20 07:00:00,15.95
2020-11-23 07:00:00,15.95
2020-11-24 07:00:00,16.05
2020-11-25 07:00:00,16.18
2020-11-26 07:00:00,16.2
2020-11-27 07:00:00,16.24
2020-11-30 07:00:00,16.27
2020-12-01 07:00:00,16.32
2020-12-02 07:00:00,16.45
2020-12-03 07:00:00,16.65
2020-12-04 07:00:00,16.6
2020-12-07 07:00:00,16.67
2020-12-08 07:00:00,16.63
2020-12-09 07:00:00,16.92
2020-12-10 07:00:00,16.72
2020-12-11 07:00:00,16.92
2020-12-14 07:00:00,17.11
2020-12-15 07:00:00,17.0
2020-12-16 07:00:00,17.3
2020-12-17 07:00:00,17.1
2020-12-18 07:00:00,17.59
2020-12-21 07:00:00,17.7
2020-12-22 07:00:00,17.69
2020-12-23 07:00:00,17.6
2020-12-24 07:00:00,17.5
2020-12-25 07:00:00,17.8
2020-12-28 07:00:00,17.71
2020-12-29 07:00:00,17.79
2020-12-30 07:00:00,17.73
2020-12-31 07:00:00,18.0
2021-01-04 07:00:00,18.33
2021-01-05 07:00:00,18.51
2021-01-06 07:00:00,18.7
2021-01-07 07:00:00,18.98
2021-01-08 07:00:00,19.22
2021-01-11 07:00:00,19.55
2021-01-12 07:00:00,19.8
2021-01-13 07:00:00,19.59
2021-01-14 07:00:00,19.58
2021-01-15 07:00:00,19.8
2021-01-18 07:00:00,19.69
2021-01-19 07:00:00,18.7
2021-01-20 07:00:00,18.85
2021-01-21 07:00:00,19.3
2021-01-22 07:00:00,19.39
2021-01-25 07:00:00,19.36
2021-01-26 07:00:00,18.7
2021-01-27 07:00:00,18.35
2021-01-28 07:00:00,17.07
2021-01-29 07:00:00,17.5
2021-02-01 07:00:00,17.31
2021-02-02 07:00:00,18.2
2021-02-03 07:00:00,18.85
2021-02-04 07:00:00,18.75
2021-02-05 07:00:00,19.49
2021-02-08 07:00:00,18.59
2021-02-09 07:00:00,19.47
2021-02-17 07:00:00,19.6
2021-02-18 07:00:00,19.76
2021-02-19 07:00:00,19.85
2021-02-22 07:00:00,19.81
2021-02-23 07:00:00,19.9
2021-02-24 07:00:00,19.55
2021-02-25 07:00:00,19.72
2021-02-26 07:00:00,19.7
2021-03-01 07:00:00,20.03
2021-03-02 07:00:00,20.03
2021-03-03 07:00:00,20.06
2021-03-04 07:00:00,20.1
2021-03-05 07:00:00,19.74
2021-03-08 07:00:00,19.66
2021-03-09 07:00:00,19.65
2021-03-10 07:00:00,19.72
2021-03-11 07:00:00,20.0
2021-03-12 07:00:00,19.92
2021-03-15 07:00:00,20.0
2021-03-16 07:00:00,19.99
2021-03-17 07:00:00,20.03
2021-03-18 07:00:00,20.28
2021-03-19 07:00:00,20.2
2021-03-22 07:00:00,20.22
2021-03-23 07:00:00,19.95
2021-03-24 07:00:00,19.7
2021-03-25 07:00:00,19.6
2021-03-26 07:00:00,19.65
2021-03-29 07:00:00,19.89
2021-03-30 07:00:00,20.0
2021-03-31 07:00:00,20.1
2021-04-01 07:00:00,20.6
2021-04-02 07:00:00,20.84
2021-04-05 07:00:00,21.06
2021-04-06 07:00:00,21.04
2021-04-07 07:00:00,21.11
2021-04-08 07:00:00,20.9
2021-04-09 07:00:00,21.0
2021-04-12 07:00:00,21.47
2021-04-13 07:00:00,21.2
2021-04-14 07:00:00,21.11
2021-04-15 07:00:00,21.59
2021-04-16 07:00:00,21.5
2021-04-19 07:00:00,21.98
2021-04-20 07:00:00,22.38
2021-04-22 07:00:00,21.69
2021-04-23 07:00:00,22.0
2021-04-26 07:00:00,21.26
2021-04-27 07:00:00,21.46
2021-04-28 07:00:00,21.63
2021-04-29 07:00:00,22.0
2021-05-04 07:00:00,22.2
2021-05-05 07:00:00,22.5
2021-05-06 07:00:00,22.4
2021-05-07 07:00:00,22.4
2021-05-10 07:00:00,22.99
2021-05-11 07:00:00,23.23
2021-05-12 07:00:00,23.09
2021-05-13 07:00:00,23.0
2021-05-14 07:00:00,23.0
2021-05-17 07:00:00,23.0
2021-05-18 07:00:00,23.1
2021-05-19 07:00:00,23.21
2021-05-20 07:00:00,23.74
2021-05-21 07:00:00,23.84
2021-05-24 07:00:00,25.5
2021-05-25 07:00:00,24.2
2021-05-26 07:00:00,24.37
2021-05-27 07:00:00,24.36
2021-05-28 07:00:00,24.48
2021-05-31 07:00:00,24.69
2021-06-01 07:00:00,24.97
2021-06-02 07:00:00,24.59
2021-06-03 07:00:00,25.26
2021-06-04 07:00:00,25.24
2021-06-07 07:00:00,24.92
2021-06-08 07:00:00,24.46
2021-06-09 07:00:00,24.6
2021-06-10 07:00:00,24.5
2021-06-11 07:00:00,24.98
2021-06-14 07:00:00,25.1
2021-06-15 07:00:00,25.05
2021-06-16 07:00:00,24.78
2021-06-17 07:00:00,24.77
2021-06-18 07:00:00,24.9
2021-06-21 07:00:00,24.8
2021-06-22 07:00:00,25.11
2021-06-23 07:00:00,25.1
2021-06-24 07:00:00,24.9
2021-06-25 07:00:00,25.26
2021-06-28 07:00:00,25.6
2021-06-29 07:00:00,25.8
2021-06-30 07:00:00,25.84
2021-07-01 07:00:00,25.89
2021-07-02 07:00:00,26.2
2021-07-05 07:00:00,26.0
2021-07-06 07:00:00,25.6
2021-07-07 07:00:00,26.0
2021-07-08 07:00:00,25.3
2021-07-09 07:00:00,25.49
2021-07-12 07:00:00,24.75
2021-07-13 07:00:00,24.95
2021-07-14 07:00:00,24.11
2021-07-15 07:00:00,24.25
2021-07-16 07:00:00,24.5
2021-07-19 07:00:00,23.3
2021-07-20 07:00:00,23.98
2021-07-21 07:00:00,23.6
2021-07-22 07:00:00,24.0
2021-07-23 07:00:00,23.82
2021-07-26 07:00:00,23.96
2021-07-27 07:00:00,23.88
2021-07-28 07:00:00,23.8
2021-07-29 07:00:00,24.05
2021-07-30 07:00:00,24.6
2021-08-02 07:00:00,24.7
2021-08-03 07:00:00,24.7
2021-08-04 07:00:00,24.5
2021-08-05 07:00:00,24.74
2021-08-06 07:00:00,24.92
2021-08-09 07:00:00,25.2
2021-08-10 07:00:00,25.19
2021-08-11 07:00:00,25.1
2021-08-12 07:00:00,24.83
2021-08-13 07:00:00,24.82
2021-08-16 07:00:00,25.3
2021-08-17 07:00:00,25.26
2021-08-18 07:00:00,25.17
2021-08-19 07:00:00,25.01
2021-08-20 07:00:00,24.1
2021-08-23 07:00:00,23.7
2021-08-24 07:00:00,23.95
2021-08-25 07:00:00,24.05
2021-08-26 07:00:00,23.99
2021-08-27 07:00:00,23.8
2021-08-30 07:00:00,24.0
2021-08-31 07:00:00,24.1
2021-09-01 07:00:00,24.05
2021-09-06 07:00:00,24.4
2021-09-07 07:00:00,24.55
2021-09-08 07:00:00,24.25
2021-09-09 07:00:00,24.28
2021-09-10 07:00:00,24.49
2021-09-13 07:00:00,24.3
2021-09-14 07:00:00,24.2
2021-09-15 07:00:00,24.4
2021-09-16 07:00:00,24.4
2021-09-17 07:00:00,24.56
2021-09-20 07:00:00,24.99
2021-09-21 07:00:00,24.85
2021-09-22 07:00:00,24.5
2021-09-23 07:00:00,24.84
2021-09-24 07:00:00,24.6
2021-09-27 07:00:00,24.44
2021-09-28 07:00:00,24.31
2021-09-29 07:00:00,24.4
2021-09-30 07:00:00,24.55
2021-10-01 07:00:00,24.57
2021-10-04 07:00:00,24.55
2021-10-05 07:00:00,24.5
2021-10-06 07:00:00,24.53
2021-10-07 07:00:00,24.6
2021-10-08 07:00:00,24.9
2021-10-11 07:00:00,25.4
2021-10-12 07:00:00,25.45
2021-10-13 07:00:00,25.4
2021-10-14 07:00:00,25.2
2021-10-15 07:00:00,25.34
2021-10-18 07:00:00,25.85
2021-10-19 07:00:00,25.68
2021-10-20 07:00:00,25.77
2021-10-21 07:00:00,25.45
2021-10-22 07:00:00,25.5
2021-10-25 07:00:00,25.0
2021-10-26 07:00:00,25.38
2021-10-27 07:00:00,25.46
2021-10-28 07:00:00,25.93
2021-10-29 07:00:00,25.71
2021-11-01 07:00:00,25.69
2021-11-02 07:00:00,25.69
2021-11-03 07:00:00,25.7
2021-11-04 07:00:00,25.65
2021-11-05 07:00:00,25.96
2021-11-08 07:00:00,25.95
2021-11-09 07:00:00,25.69
2021-11-10 07:00:00,25.71
2021-11-11 07:00:00,25.69
2021-11-12 07:00:00,25.89
2021-11-15 07:00:00,25.8
2021-11-16 07:00:00,25.5
2021-11-17 07:00:00,25.52
2021-11-18 07:00:00,25.4
2021-11-19 07:00:00,25.5
2021-11-22 07:00:00,25.25
2021-11-23 07:00:00,25.6
2021-11-24 07:00:00,26.2
2021-11-25 07:00:00,26.2
2021-11-26 07:00:00,26.34
2021-11-29 07:00:00,26.2
2021-11-30 07:00:00,25.8
2021-12-01 07:00:00,26.2
2021-12-02 07:00:00,26.18
2021-12-03 07:00:00,25.5
2021-12-06 07:00:00,25.01
2021-12-07 07:00:00,25.98
2021-12-08 07:00:00,25.5
2021-12-09 07:00:00,25.75
2021-12-10 07:00:00,25.6
2021-12-13 07:00:00,26.0
2021-12-14 07:00:00,25.5
2021-12-15 07:00:00,25.7
2021-12-16 07:00:00,25.35
2021-12-17 07:00:00,25.5
2021-12-20 07:00:00,25.5
2021-12-21 07:00:00,25.36
2021-12-22 07:00:00,25.4
2021-12-23 07:00:00,25.24
2021-12-24 07:00:00,25.3
2021-12-27 07:00:00,25.5
2021-12-28 07:00:00,25.4
2021-12-29 07:00:00,25.5
2021-12-30 07:00:00,25.6
2021-12-31 07:00:00,25.83
2022-01-04 07:00:00,26.2
2022-01-05 07:00:00,25.99
2022-01-06 07:00:00,25.82
2022-01-07 07:00:00,25.85
2022-01-10 07:00:00,25.58
2022-01-11 07:00:00,25.4
2022-01-12 07:00:00,25.21
2022-01-13 07:00:00,25.81
2022-01-14 07:00:00,25.65
2022-01-17 07:00:00,25.0
2022-01-18 07:00:00,25.29
2022-01-19 07:00:00,25.2
2022-01-20 07:00:00,24.95
2022-01-21 07:00:00,25.11
2022-01-24 07:00:00,24.97
2022-01-25 07:00:00,25.18
2022-01-26 07:00:00,25.5
2022-01-27 07:00:00,25.58
2022-01-28 07:00:00,25.74
2022-02-07 07:00:00,25.91
2022-02-08 07:00:00,26.1
2022-02-09 07:00:00,26.3
2022-02-10 07:00:00,26.17
2022-02-11 07:00:00,26.08
2022-02-14 07:00:00,26.0
2022-02-15 07:00:00,25.69
2022-02-16 07:00:00,25.91
2022-02-17 07:00:00,25.95
2022-02-18 07:00:00,25.75
2022-02-21 07:00:00,25.9
2022-02-22 07:00:00,25.9
2022-02-23 07:00:00,25.78
2022-02-24 07:00:00,25.4
2022-02-25 07:00:00,25.5
2022-02-28 07:00:00,25.8
2022-03-01 07:00:00,25.6
2022-03-02 07:00:00,25.4
2022-03-03 07:00:00,25.68
2022-03-04 07:00:00,25.7
2022-03-07 07:00:00,25.6
2022-03-08 07:00:00,25.3
2022-03-09 07:00:00,25.0
2022-03-10 07:00:00,25.15
2022-03-11 07:00:00,24.99
2022-03-14 07:00:00,24.5
2022-03-15 07:00:00,24.7
2022-03-16 07:00:00,24.84
2022-03-17 07:00:00,24.86
2022-03-18 07:00:00,25.0
2022-03-21 07:00:00,25.28
2022-03-22 07:00:00,25.41
2022-03-23 07:00:00,25.27
2022-03-24 07:00:00,25.15
2022-03-25 07:00:00,25.18
2022-03-28 07:00:00,25.13
2022-03-29 07:00:00,25.14
2022-03-30 07:00:00,25.15
2022-03-31 07:00:00,25.3
2022-04-01 07:00:00,25.88
2022-04-04 07:00:00,26.1
2022-04-05 07:00:00,25.9
2022-04-06 07:00:00,25.8
2022-04-07 07:00:00,25.76
2022-04-08 07:00:00,25.88
2022-04-12 07:00:00,25.9
2022-04-13 07:00:00,25.9
2022-04-14 07:00:00,25.52
2022-04-15 07:00:00,25.5
2022-04-18 07:00:00,25.3
2022-04-19 07:00:00,24.95
2022-04-20 07:00:00,24.8
2022-04-21 07:00:00,24.99
2022-04-22 07:00:00,24.8
2022-04-25 07:00:00,23.08
2022-04-26 07:00:00,23.55
2022-04-27 07:00:00,24.0
2022-04-28 07:00:00,23.89
2022-04-29 07:00:00,23.96
2022-05-04 07:00:00,23.5
2022-05-05 07:00:00,23.55
2022-05-06 07:00:00,22.99
2022-05-09 07:00:00,22.0
2022-05-10 07:00:00,23.0
2022-05-11 07:00:00,22.8
2022-05-12 07:00:00,21.47
2022-05-13 07:00:00,21.5
2022-05-16 07:00:00,20.7
2022-05-17 07:00:00,21.79
2022-05-18 07:00:00,21.8
2022-05-19 07:00:00,21.68
2022-05-20 07:00:00,21.68
2022-05-23 07:00:00,21.4
2022-05-24 07:00:00,21.32
2022-05-25 07:00:00,22.0
2022-05-26 07:00:00,21.93
2022-05-27 07:00:00,22.39
2022-05-30 07:00:00,22.6
2022-05-31 07:00:00,22.3
2022-06-01 07:00:00,22.65
2022-06-02 07:00:00,22.3
2022-06-03 07:00:00,22.1
2022-06-06 07:00:00,22.35
2022-06-07 07:00:00,22.35
2022-06-08 07:00:00,22.4
2022-06-09 07:00:00,22.45
2022-06-10 07:00:00,22.4
2022-06-13 07:00:00,21.74
2022-06-14 07:00:00,21.9
2022-06-15 07:00:00,21.01
2022-06-16 07:00:00,21.9
2022-06-17 07:00:00,21.4
2022-06-20 07:00:00,20.71
2022-06-21 07:00:00,20.6
2022-06-22 07:00:00,20.9
2022-06-23 07:00:00,20.75
2022-06-24 07:00:00,20.79
2022-06-27 07:00:00,21.11
2022-06-28 07:00:00,21.45
2022-06-29 07:00:00,21.45
2022-06-30 07:00:00,21.35
2022-07-01 07:00:00,21.3
2022-07-04 07:00:00,21.26
2022-07-05 07:00:00,20.9
2022-07-06 07:00:00,20.66
2022-07-07 07:00:00,20.7
2022-07-08 07:00:00,20.89
2022-07-11 07:00:00,20.37
2022-07-12 07:00:00,20.6
2022-07-13 07:00:00,20.63
2022-07-14 07:00:00,20.69
2022-07-15 07:00:00,20.63
2022-07-18 07:00:00,20.52
2022-07-19 07:00:00,20.5
2022-07-20 07:00:00,20.7
2022-07-21 07:00:00,20.79
2022-07-22 07:00:00,20.89
2022-07-25 07:00:00,20.72
2022-07-26 07:00:00,20.69
2022-07-27 07:00:00,20.6
2022-07-28 07:00:00,20.92
2022-07-29 07:00:00,20.95
2022-08-01 07:00:00,21.1
2022-08-02 07:00:00,21.3
2022-08-03 07:00:00,21.2
2022-08-04 07:00:00,21.5
2022-08-05 07:00:00,21.37
2022-08-08 07:00:00,21.43
2022-08-09 07:00:00,21.68
2022-08-10 07:00:00,21.57
2022-08-11 07:00:00,21.67
2022-08-12 07:00:00,21.6
2022-08-15 07:00:00,21.86
2022-08-16 07:00:00,21.9
2022-08-17 07:00:00,22.04
2022-08-18 07:00:00,21.92
2022-08-19 07:00:00,21.8
2022-08-22 07:00:00,21.8
2022-08-23 07:00:00,21.79
2022-08-24 07:00:00,21.91
2022-08-25 07:00:00,22.2
2022-08-26 07:00:00,22.12
2022-08-29 07:00:00,21.81
2022-08-30 07:00:00,22.0
2022-08-31 07:00:00,22.06
2022-09-05 07:00:00,22.06
2022-09-06 07:00:00,21.95
2022-09-07 07:00:00,21.8
2022-09-08 07:00:00,21.49
2022-09-09 07:00:00,21.54
2022-09-12 07:00:00,21.7
2022-09-13 07:00:00,21.63
2022-09-14 07:00:00,21.39
2022-09-15 07:00:00,21.41
2022-09-16 07:00:00,21.05
2022-09-19 07:00:00,20.95
2022-09-20 07:00:00,20.93
2022-09-21 07:00:00,20.72
2022-09-22 07:00:00,20.82
2022-09-23 07:00:00,20.82
2022-09-26 07:00:00,20.27
2022-09-27 07:00:00,20.23
2022-09-28 07:00:00,20.17
2022-09-29 07:00:00,19.9
2022-09-30 07:00:00,19.92
2022-10-03 07:00:00,18.8
2022-10-04 07:00:00,18.5
2022-10-05 07:00:00,18.98
2022-10-06 07:00:00,18.72
2022-10-07 07:00:00,17.66
2022-10-10 07:00:00,
2022-10-11 07:00:00,16.86
2022-10-12 07:00:00,17.54
2022-10-13 07:00:00,17.7
2022-10-14 07:00:00,18.0
2022-10-17 07:00:00,17.75
2022-10-18 07:00:00,17.95
2022-10-19 07:00:00,18.01
2022-10-20 07:00:00,17.92
2022-10-21 07:00:00,17.09
2022-10-24 07:00:00,16.5
2022-10-25 07:00:00,16.61
2022-10-26 07:00:00,16.68
2022-10-27 07:00:00,17.34
2022-10-28 07:00:00,17.5
2022-10-31 07:00:00,17.58
2022-11-01 07:00:00,17.52
2022-11-02 07:00:00,17.39
2022-11-03 07:00:00,17.42
2022-11-04 07:00:00,16.93
2022-11-07 07:00:00,16.55
2022-11-08 07:00:00,16.56
2022-11-09 07:00:00,16.54
2022-11-10 07:00:00,15.6
2022-11-11 07:00:00,15.2
2022-11-14 07:00:00,15.8
2022-11-15 07:00:00,15.3
2022-11-16 07:00:00,16.15
2022-11-17 07:00:00,16.51
2022-11-18 07:00:00,16.65
2022-11-21 07:00:00,16.29
2022-11-22 07:00:00,16.12
2022-11-23 07:00:00,16.06
2022-11-24 07:00:00,16.02
2022-11-25 07:00:00,16.41
2022-11-28 07:00:00,16.85
2022-11-29 07:00:00,17.34
2022-11-30 07:00:00,17.8
2022-12-01 07:00:00,18.1
2022-12-02 07:00:00,18.5
2022-12-05 07:00:00,18.89
2022-12-06 07:00:00,18.1
2022-12-07 07:00:00,18.0
2022-12-08 07:00:00,18.1
2022-12-09 07:00:00,18.18
2022-12-12 07:00:00,17.8
2022-12-13 07:00:00,17.9
2022-12-14 07:00:00,17.96
2022-12-15 07:00:00,18.3
2022-12-16 07:00:00,18.18
2022-12-19 07:00:00,17.99
2022-12-20 07:00:00,17.59
2022-12-21 07:00:00,17.43
2022-12-22 07:00:00,17.7
2022-12-23 07:00:00,17.7
2022-12-26 07:00:00,17.16
2022-12-27 07:00:00,17.5
2022-12-28 07:00:00,17.4
2022-12-29 07:00:00,17.23
2022-12-30 07:00:00,17.33
2023-01-03 07:00:00,17.7
2023-01-04 07:00:00,17.9
2023-01-05 07:00:00,18.07
2023-01-06 07:00:00,17.98
2023-01-09 07:00:00,18.05
2023-01-10 07:00:00,18.07
2023-01-11 07:00:00,18.08
2023-01-12 07:00:00,18.13
2023-01-13 07:00:00,18.36
2023-01-16 07:00:00,18.25
2023-01-17 07:00:00,18.78
2023-01-18 07:00:00,19.0
2023-01-19 07:00:00,19.4
2023-01-27 07:00:00,19.21
2023-01-30 07:00:00,19.0
2023-01-31 07:00:00,19.2
2023-02-01 07:00:00,18.52
2023-02-02 07:00:00,18.55
2023-02-03 07:00:00,18.49
2023-02-06 07:00:00,18.56
2023-02-07 07:00:00,18.49
2023-02-08 07:00:00,18.38
2023-02-09 07:00:00,18.12
2023-02-10 07:00:00,18.12
2023-02-13 07:00:00,17.79
2023-02-14 07:00:00,17.65
2023-02-15 07:00:00,17.74
2023-02-16 07:00:00,17.92
2023-02-17 07:00:00,17.86
2023-02-20 07:00:00,18.32
2023-02-21 07:00:00,18.4
2023-02-22 07:00:00,18.01
2023-02-23 07:00:00,17.98
2023-02-24 07:00:00,17.72
2023-02-27 07:00:00,17.22
2023-02-28 07:00:00,17.3
2023-03-01 07:00:00,17.54
2023-03-02 07:00:00,17.65
2023-03-03 07:00:00,17.27
2023-03-06 07:00:00,17.3
2023-03-07 07:00:00,17.45
2023-03-08 07:00:00,17.7
2023-03-09 07:00:00,17.93
2023-03-10 07:00:00,17.85
2023-03-13 07:00:00,17.87
2023-03-14 07:00:00,17.64
2023-03-15 07:00:00,18.12
2023-03-16 07:00:00,17.77
2023-03-17 07:00:00,17.8
2023-03-20 07:00:00,17.4
2023-03-21 07:00:00,17.6
2023-03-22 07:00:00,17.84
2023-03-23 07:00:00,17.77
2023-03-24 07:00:00,17.97
2023-03-27 07:00:00,17.98
2023-03-28 07:00:00,18.18
2023-03-29 07:00:00,18.03
2023-03-30 07:00:00,18.22
2023-03-31 07:00:00,18.4
2023-04-03 07:00:00,18.57
2023-04-04 07:00:00,18.62
2023-04-05 07:00:00,18.6
2023-04-06 07:00:00,18.5
2023-04-07 07:00:00,18.38
2023-04-10 07:00:00,18.38
2023-04-11 07:00:00,18.55
2023-04-12 07:00:00,18.49
2023-04-13 07:00:00,18.34
2023-04-14 07:00:00,18.3
2023-04-17 07:00:00,18.2
2023-04-18 07:00:00,18.17
2023-04-19 07:00:00,18.07
2023-04-20 07:00:00,18.06
2023-04-21 07:00:00,17.89
2023-04-24 07:00:00,17.9
2023-04-25 07:00:00,17.7
2023-04-26 07:00:00,17.92
2023-04-27 07:00:00,17.78
2023-04-28 07:00:00,18.2
2023-05-04 07:00:00,17.93
2023-05-05 07:00:00,18.0
2023-05-08 07:00:00,18.0
2023-05-09 07:00:00,18.0
2023-05-10 07:00:00,18.02
2023-05-11 07:00:00,17.99
2023-05-12 07:00:00,18.16
2023-05-15 07:00:00,18.24
2023-05-16 07:00:00,18.23
2023-05-17 07:00:00,18.03
2023-05-18 07:00:00,18.3
2023-05-19 07:00:00,18.2
2023-05-22 07:00:00,18.28
2023-05-23 07:00:00,18.01
2023-05-24 07:00:00,18.12
2023-05-25 07:00:00,18.09
2023-05-26 07:00:00,18.05
2023-05-29 07:00:00,18.2
2023-05-30 07:00:00,18.25
2023-05-31 07:00:00,18.41
2023-06-01 07:00:00,18.2
2023-06-02 07:00:00,18.63
2023-06-05 07:00:00,18.5
2023-06-06 07:00:00,18.64
2023-06-07 07:00:00,18.82
2023-06-08 07:00:00,18.76
2023-06-09 07:00:00,18.74
2023-06-12 07:00:00,18.88
2023-06-13 07:00:00,19.03
2023-06-14 07:00:00,19.1
2023-06-15 07:00:00,19.0
2023-06-16 07:00:00,19.0
2023-06-19 07:00:00,18.89
2023-06-20 07:00:00,18.88
2023-06-21 07:00:00,18.95
2023-06-22 07:00:00,19.13
2023-06-23 07:00:00,19.29
2023-06-26 07:00:00,19.36
2023-06-27 07:00:00,19.38
2023-06-28 07:00:00,19.59
2023-06-29 07:00:00,19.3
2023-06-30 07:00:00,19.35
2023-07-03 07:00:00,19.2
2023-07-04 07:00:00,19.3
2023-07-05 07:00:00,19.46
2023-07-06 07:00:00,19.4
2023-07-07 07:00:00,19.41
2023-07-10 07:00:00,19.54
2023-07-11 07:00:00,19.6
2023-07-12 07:00:00,19.6
2023-07-13 07:00:00,19.8
2023-07-14 07:00:00,19.86
2023-07-17 07:00:00,20.0
2023-07-18 07:00:00,20.03
2023-07-19 07:00:00,20.11
2023-07-20 07:00:00,20.01
2023-07-21 07:00:00,20.25
2023-07-24 07:00:00,20.39
2023-07-25 07:00:00,20.5
2023-07-26 07:00:00,20.55
2023-07-27 07:00:00,20.53
2023-07-28 07:00:00,20.75
2023-07-31 07:00:00,21.2
2023-08-01 07:00:00,21.02
2023-08-02 07:00:00,20.9
2023-08-03 07:00:00,20.7
2023-08-04 07:00:00,21.14
2023-08-07 07:00:00,21.39
2023-08-08 07:00:00,21.38
2023-08-09 07:00:00,21.27
2023-08-10 07:00:00,21.1
2023-08-11 07:00:00,21.21
2023-08-14 07:00:00,21.21
2023-08-15 07:00:00,21.29
2023-08-16 07:00:00,21.42
2023-08-17 07:00:00,21.46
2023-08-18 07:00:00,20.4
2023-08-21 07:00:00,20.45
2023-08-22 07:00:00,20.55
2023-08-23 07:00:00,20.44
2023-08-24 07:00:00,20.64
2023-08-25 07:00:00,20.56
2023-08-28 07:00:00,20.8
2023-08-29 07:00:00,20.9
2023-08-30 07:00:00,21.08
2023-08-31 07:00:00,21.2
2023-09-05 07:00:00,21.38
2023-09-06 07:00:00,21.64
2023-09-07 07:00:00,21.57
2023-09-08 07:00:00,21.54
2023-09-11 07:00:00,21.1
2023-09-12 07:00:00,21.79
2023-09-13 07:00:00,21.48
2023-09-14 07:00:00,21.23
2023-09-15 07:00:00,21.34
2023-09-18 07:00:00,21.07
2023-09-19 07:00:00,21.2
2023-09-20 07:00:00,21.25
2023-09-21 07:00:00,21.04
2023-09-22 07:00:00,20.7
2023-09-25 07:00:00,20.56
2023-09-26 07:00:00,19.99
2023-09-27 07:00:00,20.0
2023-09-28 07:00:00,20.0
2023-09-29 07:00:00,20.14
2023-10-02 07:00:00,20.05
2023-10-03 07:00:00,19.55
2023-10-04 07:00:00,19.68
2023-10-05 07:00:00,19.49
2023-10-06 07:00:00,19.65
2023-10-09 07:00:00,19.75
2023-10-10 07:00:00,19.93
2023-10-11 07:00:00,19.95
2023-10-12 07:00:00,20.0
2023-10-13 07:00:00,20.06
2023-10-16 07:00:00,19.75
2023-10-17 07:00:00,19.8
2023-10-18 07:00:00,19.49
2023-10-19 07:00:00,19.68
2023-10-20 07:00:00,19.41
2023-10-23 07:00:00,19.17
2023-10-24 07:00:00,19.02
2023-10-25 07:00:00,19.1
2023-10-26 07:00:00,18.41
2023-10-27 07:00:00,18.32
2023-10-30 07:00:00,18.32
2023-10-31 07:00:00,18.3
2023-11-01 07:00:00,18.3
2023-11-02 07:00:00,18.66
2023-11-03 07:00:00,18.83
2023-11-06 07:00:00,19.05
2023-11-07 07:00:00,18.88
2023-11-08 07:00:00,19.4
2023-11-09 07:00:00,19.41
2023-11-10 07:00:00,19.05
2023-11-13 07:00:00,19.05
2023-11-14 07:00:00,19.3
2023-11-15 07:00:00,19.56
2023-11-16 07:00:00,19.48
2023-11-17 07:00:00,19.12
2023-11-20 07:00:00,19.08
2023-11-21 07:00:00,19.1
2023-11-22 07:00:00,19.12
2023-11-23 07:00:00,18.8
2023-11-24 07:00:00,18.68
2023-11-27 07:00:00,18.7
2023-11-28 07:00:00,18.75
2023-11-29 07:00:00,18.89
2023-11-30 07:00:00,18.85
2023-12-01 07:00:00,18.78
2023-12-04 07:00:00,19.2
2023-12-05 07:00:00,18.96
2023-12-06 07:00:00,19.07
2023-12-07 07:00:00,19.21
2023-12-08 07:00:00,19.23
2023-12-11 07:00:00,19.29
2023-12-12 07:00:00,19.3
2023-12-13 07:00:00,19.1
2023-12-14 07:00:00,19.08
2023-12-15 07:00:00,19.0
2023-12-18 07:00:00,18.77
2023-12-19 07:00:00,18.84
2023-12-20 07:00:00,18.92
2023-12-21 07:00:00,18.95
2023-12-22 07:00:00,18.95
2023-12-25 07:00:00,19.2
2023-12-26 07:00:00,19.24
2023-12-27 07:00:00,19.27
2023-12-28 07:00:00,19.43
2023-12-29 07:00:00,19.43
2024-01-02 07:00:00,19.53
2024-01-03 07:00:00,19.69
2024-01-04 07:00:00,19.95
2024-01-05 07:00:00,20.03
2024-01-08 07:00:00,20.08
2024-01-09 07:00:00,20.04
2024-01-10 07:00:00,20.04
2024-01-11 07:00:00,20.05
2024-01-12 07:00:00,20.1
2024-01-15 07:00:00,20.07
2024-01-16 07:00:00,20.17
2024-01-17 07:00:00,20.12
2024-01-18 07:00:00,20.23
2024-01-19 07:00:00,20.37
2024-01-22 07:00:00,20.52
2024-01-23 07:00:00,20.44
2024-01-24 07:00:00,20.36
2024-01-25 07:00:00,20.3
2024-01-26 07:00:00,20.4
2024-01-29 07:00:00,20.36
2024-01-30 07:00:00,20.39
2024-01-31 07:00:00,20.19
2024-02-01 07:00:00,20.29
2024-02-02 07:00:00,20.23
2024-02-05 07:00:00,20.67
2024-02-06 07:00:00,20.67
2024-02-07 07:00:00,20.95
2024-02-15 07:00:00,20.97
2024-02-16 07:00:00,21.1
2024-02-19 07:00:00,21.37
2024-02-20 07:00:00,21.44
2024-02-21 07:00:00,21.47
2024-02-22 07:00:00,21.42
2024-02-23 07:00:00,21.17
2024-02-26 07:00:00,21.29
2024-02-27 07:00:00,21.51
2024-02-28 07:00:00,21.76
2024-02-29 07:00:00,21.85
2024-03-01 07:00:00,21.87
2024-03-04 07:00:00,21.94
2024-03-05 07:00:00,22.01
2024-03-06 07:00:00,21.91
2024-03-07 07:00:00,21.98
2024-03-08 07:00:00,21.69
2024-03-11 07:00:00,21.55
2024-03-12 07:00:00,21.4
2024-03-13 07:00:00,21.88
2024-03-14 07:00:00,21.8
2024-03-15 07:00:00,21.75
2024-03-18 07:00:00,21.4
2024-03-19 07:00:00,21.26
2024-03-20 07:00:00,21.73
2024-03-21 07:00:00,21.88
2024-03-22 07:00:00,22.14
2024-03-25 07:00:00,21.94
2024-03-26 07:00:00,22.08
2024-03-27 07:00:00,22.1
2024-03-28 07:00:00,22.43
2024-03-29 07:00:00,22.57
2024-04-01 07:00:00,22.38
2024-04-02 07:00:00,22.2
2024-04-03 07:00:00,22.18
2024-04-04 07:00:00,21.9
2024-04-05 07:00:00,21.81
2024-04-08 07:00:00,21.69
2024-04-09 07:00:00,21.88
2024-04-10 07:00:00,21.84
2024-04-11 07:00:00,21.84
2024-04-12 07:00:00,22.1
2024-04-15 07:00:00,21.72
2024-04-16 07:00:00,21.72
2024-04-17 07:00:00,21.06
2024-04-19 07:00:00,20.67
2024-04-22 07:00:00,20.93
2024-04-23 07:00:00,20.75
2024-04-24 07:00:00,21.27
2024-04-25 07:00:00,21.3
2024-04-26 07:00:00,21.55
2024-05-02 07:00:00,21.55
2024-05-03 07:00:00,21.58
2024-05-06 07:00:00,21.94
2024-05-07 07:00:00,22.08
2024-05-08 07:00:00,22.08
2024-05-09 07:00:00,22.09
2024-05-10 07:00:00,21.99
2024-05-13 07:00:00,21.93
2024-05-14 07:00:00,22.09
2024-05-15 07:00:00,22.2
2024-05-16 07:00:00,22.57
2024-05-17 07:00:00,22.57
2024-05-20 07:00:00,22.67
2024-05-21 07:00:00,22.61
2024-05-22 07:00:00,22.5
2024-05-23 07:00:00,22.55
2024-05-24 07:00:00,22.5
2024-05-27 07:00:00,22.39
2024-05-28 07:00:00,22.54
2024-05-29 07:00:00,22.35
2024-05-30 07:00:00,22.24
2024-05-31 07:00:00,22.5
2024-06-03 07:00:00,22.63
2024-06-04 07:00:00,22.62
2024-06-05 07:00:00,22.64
2024-06-06 07:00:00,22.64
2024-06-07 07:00:00,22.8
2024-06-10 07:00:00,22.82
2024-06-11 07:00:00,22.8
2024-06-12 07:00:00,23.12
2024-06-13 07:00:00,23.3
2024-06-14 07:00:00,23.15
2024-06-17 07:00:00,22.84
2024-06-18 07:00:00,22.89
2024-06-19 07:00:00,22.92
2024-06-20 07:00:00,23.09
2024-06-21 07:00:00,23.04
2024-06-24 07:00:00,22.65
2024-06-25 07:00:00,22.64
2024-06-26 07:00:00,22.46
2024-06-27 07:00:00,22.46
2024-06-28 07:00:00,22.4
2024-07-01 07:00:00,22.65
2024-07-02 07:00:00,22.6
2024-07-03 07:00:00,22.81
2024-07-04 07:00:00,22.87
2024-07-05 07:00:00,22.98
2024-07-08 07:00:00,22.94
2024-07-09 07:00:00,23.01
2024-07-10 07:00:00,22.87
2024-07-11 07:00:00,22.81
2024-07-12 07:00:00,22.8
2024-07-15 07:00:00,22.75
2024-07-16 07:00:00,22.76
2024-07-17 07:00:00,22.72
2024-07-18 07:00:00,22.81
2024-07-19 07:00:00,22.78
2024-07-22 07:00:00,22.72
2024-07-23 07:00:00,22.43
2024-07-24 07:00:00,22.31
2024-07-25 07:00:00,22.26
2024-07-26 07:00:00,22.42
2024-07-29 07:00:00,22.5
2024-07-30 07:00:00,22.58
2024-07-31 07:00:00,22.75
2024-08-01 07:00:00,22.31
2024-08-02 07:00:00,22.32
2024-08-05 07:00:00,21.72
2024-08-06 07:00:00,22.0
2024-08-07 07:00:00,21.98
2024-08-08 07:00:00,21.83
2024-08-09 07:00:00,22.2
2024-08-12 07:00:00,22.25
2024-08-13 07:00:00,22.2
2024-08-14 07:00:00,22.25
2024-08-15 07:00:00,22.15
2024-08-16 07:00:00,22.58
2024-08-19 07:00:00,22.69
2024-08-20 07:00:00,22.79
2024-08-21 07:00:00,22.99
2024-08-22 07:00:00,23.03
2024-08-23 07:00:00,23.07
2024-08-26 07:00:00,23.05
2024-08-27 07:00:00,23.09
2024-08-28 07:00:00,23.12
2024-08-29 07:00:00,23.18
2024-08-30 07:00:00,23.27
2024-09-04 07:00:00,22.99
2024-09-05 07:00:00,22.89
2024-09-06 07:00:00,22.92
2024-09-09 07:00:00,22.85
2024-09-10 07:00:00,22.75
2024-09-11 07:00:00,22.71
2024-09-12 07:00:00,22.72
2024-09-13 07:00:00,22.61
2024-09-16 07:00:00,22.54
2024-09-17 07:00:00,22.82
2024-09-18 07:00:00,22.94
2024-09-19 07:00:00,23.0
2024-09-20 07:00:00,23.2
2024-09-23 07:00:00,23.11
2024-09-24 07:00:00,23.28
2024-09-25 07:00:00,23.46
2024-09-26 07:00:00,23.7
2024-09-27 07:00:00,23.68
2024-09-30 07:00:00,23.65
2024-10-01 07:00:00,23.81
2024-10-02 07:00:00,23.78
2024-10-03 07:00:00,23.68
2024-10-04 07:00:00,23.38
2024-10-07 07:00:00,23.41
2024-10-08 07:00:00,23.5
2024-10-09 07:00:00,23.72
2024-10-10 07:00:00,23.8
2024-10-11 07:00:00,23.83
2024-10-14 07:00:00,23.77
2024-10-15 07:00:00,23.72
2024-10-16 07:00:00,23.7
2024-10-17 07:00:00,23.78
2024-10-18 07:00:00,23.93
2024-10-21 07:00:00,23.7
2024-10-22 07:00:00,23.68
2024-10-23 07:00:00,23.62
2024-10-24 07:00:00,23.29
2024-10-25 07:00:00,23.31
2024-10-28 07:00:00,23.18
2024-10-29 07:00:00,23.31
2024-10-30 07:00:00,23.35
2024-10-31 07:00:00,23.43
2024-11-01 07:00:00,23.23
2024-11-04 07:00:00,23.0
2024-11-05 07:00:00,23.0
2024-11-06 07:00:00,23.33
2024-11-07 07:00:00,23.27
2024-11-08 07:00:00,23.04
2024-11-11 07:00:00,23.0
2024-11-12 07:00:00,22.9
2024-11-13 07:00:00,22.93
2024-11-14 07:00:00,22.75
2024-11-15 07:00:00,22.35
2024-11-18 07:00:00,22.48
2024-11-19 07:00:00,22.25
2024-11-20 07:00:00,22.13
2024-11-21 07:00:00,22.5
2024-11-22 07:00:00,22.5
2024-11-25 07:00:00,22.58
2024-11-26 07:00:00,22.72
2024-11-27 07:00:00,22.73
2024-11-28 07:00:00,22.7
2024-11-29 07:00:00,22.92
2024-12-02 07:00:00,22.84
2024-12-03 07:00:00,22.89
2024-12-04 07:00:00,22.78
2024-12-05 07:00:00,23.35
2024-12-06 07:00:00,23.35
2024-12-09 07:00:00,23.35
2024-12-10 07:00:00,23.36
2024-12-11 07:00:00,23.39
2024-12-12 07:00:00,23.42
2024-12-13 07:00:00,23.31
2024-12-16 07:00:00,23.27
2024-12-17 07:00:00,23.22
2024-12-18 07:00:00,23.35
2024-12-19 07:00:00,23.05
2024-12-20 07:00:00,23.06
2024-12-23 07:00:00,23.13
2024-12-24 07:00:00,23.09
2024-12-25 07:00:00,23.44
2024-12-26 07:00:00,23.45
2024-12-27 07:00:00,23.56
2024-12-30 07:00:00,23.47
2024-12-31 07:00:00,23.48
2025-01-02 07:00:00,23.5
2025-01-03 07:00:00,23.18
2025-01-06 07:00:00,23.03
2025-01-07 07:00:00,23.02
2025-01-08 07:00:00,23.01
2025-01-09 07:00:00,23.0
2025-01-10 07:00:00,22.68
2025-01-13 07:00:00,22.7
2025-01-14 07:00:00,22.6
2025-01-15 07:00:00,22.74
2025-01-16 07:00:00,22.77
2025-01-17 07:00:00,22.93
2025-01-20 07:00:00,23.0
2025-01-21 07:00:00,23.06
2025-01-22 07:00:00,22.9
2025-01-23 07:00:00,23.29
2025-01-24 07:00:00,23.4
2025-02-03 07:00:00,22.98
2025-02-04 07:00:00,23.2
2025-02-05 07:00:00,23.26
2025-02-06 07:00:00,23.35
2025-02-07 07:00:00,23.42
2025-02-10 07:00:00,23.3
2025-02-11 07:00:00,23.34
2025-02-12 07:00:00,23.35
2025-02-13 07:00:00,23.37
2025-02-14 07:00:00,23.41
2025-02-17 07:00:00,23.34
2025-02-18 07:00:00,23.4
2025-02-19 07:00:00,23.48
2025-02-20 07:00:00,23.54
2025-02-21 07:00:00,23.6
2025-02-24 07:00:00,23.8
2025-02-25 07:00:00,23.76
2025-02-26 07:00:00,23.79
2025-02-27 07:00:00,23.76
2025-02-28 07:00:00,23.74
2025-03-03 07:00:00,23.76
2025-03-04 07:00:00,23.83
2025-03-05 07:00:00,23.88
2025-03-06 07:00:00,24.06
2025-03-07 07:00:00,24.15
2025-03-10 07:00:00,24.3
2025-03-11 07:00:00,24.28
2025-03-12 07:00:00,24.32
2025-03-13 07:00:00,24.24
2025-03-14 07:00:00,24.24
2025-03-17 07:00:00,24.36
2025-03-18 07:00:00,24.29
2025-03-19 07:00:00,24.11
2025-03-20 07:00:00,24.1
2025-03-21 07:00:00,24.04
2025-03-24 07:00:00,24.26
2025-03-25 07:00:00,24.33
2025-03-26 07:00:00,24.24
2025-03-27 07:00:00,24.15
2025-03-28 07:00:00,24.15
2025-03-31 07:00:00,23.82
2025-04-01 07:00:00,23.81
2025-04-02 07:00:00,24.0
2025-04-03 07:00:00,22.33
2025-04-04 07:00:00,22.33
2025-04-08 07:00:00,20.77
2025-04-09 07:00:00,20.64
2025-04-10 07:00:00,22.08
2025-04-11 07:00:00,22.8
2025-04-14 07:00:00,23.14
2025-04-15 07:00:00,22.8
2025-04-16 07:00:00,22.5
2025-04-17 07:00:00,22.59
2025-04-18 07:00:00,22.76
2025-04-21 07:00:00,22.64
2025-04-22 07:00:00,22.45
2025-04-23 07:00:00,22.6
2025-04-24 07:00:00,22.65
2025-04-25 07:00:00,22.8
2025-04-28 07:00:00,22.85
2025-04-29 07:00:00,22.89
2025-05-05 07:00:00,22.82
2025-05-06 07:00:00,23.0
2025-05-07 07:00:00,23.12
2025-05-08 07:00:00,23.3
2025-05-09 07:00:00,23.5
2025-05-12 07:00:00,23.85
2025-05-13 07:00:00,24.0
2025-05-14 07:00:00,24.24
2025-05-15 07:00:00,24.42
2025-05-16 07:00:00,24.23
2025-05-19 07:00:00,24.23
2025-05-20 07:00:00,24.52
2025-05-21 07:00:00,24.75
2025-05-22 07:00:00,24.68
2025-05-23 07:00:00,24.75
2025-05-26 07:00:00,24.7
2025-05-27 07:00:00,24.76
2025-05-28 07:00:00,24.7
2025-05-29 07:00:00,25.29
2025-05-30 07:00:00,24.8
2025-06-02 07:00:00,24.77
2025-06-03 07:00:00,25.0
2025-06-04 07:00:00,25.12
2025-06-05 07:00:00,25.0
2025-06-06 07:00:00,24.9
2025-06-09 07:00:00,24.75
2025-06-10 07:00:00,24.76
2025-06-11 07:00:00,24.67
2025-06-12 07:00:00,24.9
2025-06-13 07:00:00,24.68
2025-06-16 07:00:00,24.78
2025-06-17 07:00:00,25.05
2025-06-18 07:00:00,25.03
2025-06-19 07:00:00,25.03
2025-06-20 07:00:00,
2025-06-23 07:00:00,25.12
2025-06-24 07:00:00,25.5
2025-06-25 07:00:00,25.4
2025-06-26 07:00:00,25.45
2025-06-27 07:00:00,25.72
2025-06-30 07:00:00,25.86
2025-07-01 07:00:00,25.58
2025-07-02 07:00:00,25.81
2025-07-03 07:00:00,25.85
2025-07-04 07:00:00,25.85
2025-07-07 07:00:00,26.3
2025-07-08 07:00:00,26.47
2025-07-09 07:00:00,26.76
2025-07-10 07:00:00,27.16
2025-07-11 07:00:00,27.81
2025-07-14 07:00:00,27.8
2025-07-15 07:00:00,27.74
2025-07-16 07:00:00,27.97
2025-07-17 07:00:00,28.41
2025-07-18 07:00:00,28.61
2025-07-21 07:00:00,28.65
2025-07-22 07:00:00,28.85
2025-07-23 07:00:00,28.9
2025-07-24 07:00:00,28.9
2025-07-25 07:00:00,29.13
2025-07-28 07:00:00,29.7
2025-07-29 07:00:00,28.8
2025-07-30 07:00:00,28.79
2025-07-31 07:00:00,28.49
2025-08-01 07:00:00,28.3
2025-08-04 07:00:00,29.3
2025-08-05 07:00:00,29.8
2025-08-06 07:00:00,30.12
2025-08-07 07:00:00,30.45
2025-08-08 07:00:00,30.4
2025-08-11 07:00:00,30.42
2025-08-12 07:00:00,30.65
2025-08-13 07:00:00,30.8
2025-08-14 07:00:00,31.14
2025-08-15 07:00:00,31.5
2025-08-18 07:00:00,31.4
2025-08-19 07:00:00,31.61
2025-08-20 07:00:00,31.95
2025-08-21 07:00:00,32.68
2025-08-22 07:00:00,32.15
2025-08-25 07:00:00,31.75
2025-08-26 07:00:00,32.44
2025-08-27 07:00:00,32.76
2025-08-28 07:00:00,32.8
2025-08-29 07:00:00,32.9
2025-09-03 07:00:00,32.88
2025-09-04 07:00:00,33.27
2025-09-05 07:00:00,32.9
2025-09-08 07:00:00,32.28
2025-09-09 07:00:00,32.28
2025-09-10 07:00:00,32.38
2025-09-11 07:00:00,32.8
2025-09-12 07:00:00,32.87
2025-09-15 07:00:00,33.09
2025-09-16 07:00:00,33.15
2025-09-17 07:00:00,33.23
2025-09-18 07:00:00,32.9
2025-09-19 07:00:00,32.99
2025-09-22 07:00:00,32.2
2025-09-23 07:00:00,32.17
2025-09-24 07:00:00,32.5
2025-09-25 07:00:00,32.68
2025-09-26 07:00:00,
2025-09-29 07:00:00,32.8
2025-09-30 07:00:00,33.09
2025-10-01 07:00:00,33.0
2025-10-02 07:00:00,32.8
2025-10-03 07:00:00,32.88
2025-10-06 07:00:00,33.95
2025-10-07 07:00:00,33.88
2025-10-08 07:00:00,34.04
2025-10-09 07:00:00,34.2
2025-10-10 07:00:00,34.81
2025-10-13 07:00:00,35.35
2025-10-14 07:00:00,35.49
2025-10-15 07:00:00,35.3
2025-10-16 07:00:00,35.6
2025-10-17 07:00:00,34.9
2025-10-20 07:00:00,34.0
2025-10-21 07:00:00,33.8
2025-10-22 07:00:00,34.0
2025-10-23 07:00:00,34.52
2025-10-24 07:00:00,34.35
2025-10-27 07:00:00,33.9
2025-10-28 07:00:00,34.4
2025-10-29 07:00:00,34.55
2025-10-30 07:00:00,34.42
2025-10-31 07:00:00,34.13
2025-11-03 07:00:00,33.2
2025-11-04 07:00:00,33.97
2025-11-05 07:00:00,33.3
2025-11-06 07:00:00,33.18
2025-11-07 07:00:00,32.4
2025-11-10 07:00:00,32.19
2025-11-11 07:00:00,32.33
2025-11-12 07:00:00,33.15
2025-11-13 07:00:00,32.85
2025-11-14 07:00:00,33.0
2025-11-17 07:00:00,33.38
2025-11-18 07:00:00,33.55
2025-11-19 07:00:00,33.25
2025-11-20 07:00:00,33.3
2025-11-21 07:00:00,33.6
2025-11-24 07:00:00,33.77
2025-11-25 07:00:00,33.88
2025-11-26 07:00:00,34.05
2025-11-27 07:00:00,33.95
2025-11-28 07:00:00,33.77
2025-12-01 07:00:00,34.1
2025-12-02 07:00:00,34.4
2025-12-03 07:00:00,34.95
2025-12-04 07:00:00,35.0
2025-12-05 07:00:00,34.99
2025-12-08 07:00:00,35.05
2025-12-09 07:00:00,35.11
2025-12-10 07:00:00,34.4
2025-12-11 07:00:00,34.28
2025-12-12 07:00:00,33.36
2025-12-15 07:00:00,33.34
2025-12-16 07:00:00,33.88
2025-12-17 07:00:00,33.6
2025-12-18 07:00:00,33.7
2025-12-19 07:00:00,34.0
2025-12-22 07:00:00,35.19
2025-12-23 07:00:00,35.68
2025-12-24 07:00:00,35.68
2025-12-25 07:00:00,35.2
2025-12-26 07:00:00,35.49
2025-12-29 07:00:00,35.4
2025-12-30 07:00:00,35.76
2025-12-31 07:00:00,36.09
2026-01-05 07:00:00,36.0
2026-01-06 07:00:00,36.5
2026-01-07 07:00:00,37.0
2026-01-08 07:00:00,36.95
2026-01-09 07:00:00,36.94
2026-01-12 07:00:00,36.9
2026-01-13 07:00:00,37.03
2026-01-14 07:00:00,36.7
2026-01-15 07:00:00,36.3
2026-01-16 07:00:00,36.87
2026-01-19 07:00:00,37.0
2026-01-20 07:00:00,36.8
2026-01-21 07:00:00,36.8
2026-01-22 07:00:00,36.8
2026-01-23 07:00:00,36.85
2026-01-26 07:00:00,36.25
2026-01-27 07:00:00,35.9
2026-01-28 07:00:00,35.73
2026-01-29 07:00:00,35.8
2026-01-30 07:00:00,35.91
2026-02-02 07:00:00,36.53
2026-02-03 07:00:00,35.97
2026-02-04 07:00:00,35.7
2026-02-05 07:00:00,35.29
2026-02-06 07:00:00,34.97
2026-02-09 07:00:00,34.55
2026-02-10 07:00:00,34.76
2026-02-11 07:00:00,35.44
2026-02-12 07:00:00,35.85
2026-02-13 07:00:00,36.0
2026-02-23 07:00:00,36.1
2026-02-24 07:00:00,36.16
2026-02-25 07:00:00,36.2
2026-02-26 07:00:00,36.54
2026-02-27 07:00:00,36.4
2026-03-02 07:00:00,35.7
2026-03-03 07:00:00,34.87
2026-03-04 07:00:00,34.59
2026-03-05 07:00:00,34.89
2026-03-06 07:00:00,34.1
2026-03-09 07:00:00,32.8
2026-03-10 07:00:00,33.89
2026-03-11 07:00:00,33.99
2026-03-12 07:00:00,32.9
2026-03-13 07:00:00,32.89
2026-03-16 07:00:00,32.88
2026-03-17 07:00:00,33.23
2026-03-18 07:00:00,33.25
2026-03-19 07:00:00,32.8
2026-03-20 07:00:00,31.98
2026-03-23 07:00:00,31.14
2026-03-24 07:00:00,31.33
2026-03-25 07:00:00,32.17
2026-03-26 07:00:00,31.8
2026-03-27 07:00:00,32.31
2026-03-30 07:00:00,32.0
2026-03-31 07:00:00,32.44
2026-04-01 07:00:00,32.92
2026-04-02 07:00:00,32.9
2026-04-03 07:00:00,32.7
2026-04-06 07:00:00,32.4
2026-04-07 07:00:00,32.69
2026-04-08 07:00:00,34.96
2026-04-09 07:00:00,34.1
2026-04-10 07:00:00,34.2
2026-04-13 07:00:00,34.05
2026-04-14 07:00:00,34.38
2026-04-15 07:00:00,34.64
2026-04-16 07:00:00,34.9
2026-04-17 07:00:00,35.0
2026-04-20 07:00:00,35.33
2026-04-21 07:00:00,35.43
2026-04-22 07:00:00,35.5
2026-04-23 07:00:00,35.97
