date,vol_scale
2014-10-10,1.0
2014-10-17,0.6645370957828852
2014-10-24,0.71932471197617
2014-10-31,0.5842179150652518
2014-11-07,0.5750239289691821
2014-11-14,0.7118159650958108
2014-11-21,0.853623565754179
2014-11-28,0.6184768473879154
2014-12-05,0.6147708537755904
2014-12-12,0.6957783105981276
2014-12-19,0.5086088350078612
2014-12-26,0.6061742039735665
2015-01-02,0.6849486000670254
2015-01-09,0.8651182057512246
2015-01-16,0.861101498953536
2015-01-23,1.0
2015-01-30,1.0
2015-02-06,1.0
2015-02-13,0.9827357026548047
2015-02-20,
2015-02-27,0.9915321240663488
2015-03-06,1.0
2015-03-13,1.0
2015-03-20,1.0
2015-03-27,1.0
2015-04-03,0.519816807564232
2015-04-10,0.6308985122393227
2015-04-17,0.7468333930795384
2015-04-24,0.8869558205382512
2015-05-01,0.9527154875717365
2015-05-08,0.9939452998420305
2015-05-15,0.8068135587033262
2015-05-22,0.8480511339454604
2015-05-29,0.7164844945272373
2015-06-05,0.9314283751851457
2015-06-12,0.7993983158005175
2015-06-19,0.9640790664138841
2015-06-26,1.0
2015-07-03,1.0
2015-07-10,0.8243537345719284
2015-07-17,0.9824230421293692
2015-07-24,1.0
2015-07-31,1.0
2015-08-07,1.0
2015-08-14,0.8184914782621112
2015-08-21,0.9366892397176708
2015-08-28,0.4727577530270822
2015-09-04,0.30695323674431096
2015-09-11,0.41120472251491286
2015-09-18,0.5084453710396356
2015-09-25,0.6587970857359344
2015-10-02,0.5375327459652028
2015-10-09,0.6481802905312336
2015-10-16,0.7805920818566259
2015-10-23,0.897005808172946
2015-10-30,1.0
2015-11-06,0.9692671240074667
2015-11-13,1.0
2015-11-20,1.0
2015-11-27,0.7960269871906734
2015-12-04,0.7214817700122595
2015-12-11,0.9860883032161939
2015-12-18,0.9136430153178042
2015-12-25,1.0
2016-01-01,0.8882071131550306
2016-01-08,0.8783685031048717
2016-01-15,0.8804210333006111
2016-01-22,0.7055863381599103
2016-01-29,0.6251866613444557
2016-02-05,0.6463327821831589
2016-02-12,
2016-02-19,0.800505583205521
2016-02-26,1.0
2016-03-04,1.0
2016-03-11,1.0
2016-03-18,0.9343925894155162
2016-03-25,1.0
2016-04-01,1.0
2016-04-08,0.89286415323751
2016-04-15,1.0
2016-04-22,0.8971111136812967
2016-04-29,0.9967159684471185
2016-05-06,1.0
2016-05-13,1.0
2016-05-20,1.0
2016-05-27,0.7230419301280491
2016-06-03,0.981138820708534
2016-06-10,1.0
2016-06-17,1.0
2016-06-24,1.0
2016-07-01,1.0
2016-07-08,0.9692254545540125
2016-07-15,0.9167923987355526
2016-07-22,0.8816236279538153
2016-07-29,0.8179504026754802
2016-08-05,0.9273666153521796
2016-08-12,0.8559777948089357
2016-08-19,0.8960906222177579
2016-08-26,1.0
2016-09-02,1.0
2016-09-09,1.0
2016-09-16,1.0
2016-09-23,0.9194895414467591
2016-09-30,0.9186408663207258
2016-10-07,1.0
2016-10-14,1.0
2016-10-21,1.0
2016-10-28,1.0
2016-11-04,1.0
2016-11-11,0.8981490151003886
2016-11-18,0.9289145334020767
2016-11-25,1.0
2016-12-02,0.925341393940247
2016-12-09,1.0
2016-12-16,1.0
2016-12-23,1.0
2016-12-30,1.0
2017-01-06,1.0
2017-01-13,1.0
2017-01-20,1.0
2017-01-27,1.0
2017-02-03,1.0
2017-02-10,1.0
2017-02-17,1.0
2017-02-24,1.0
2017-03-03,1.0
2017-03-10,1.0
2017-03-17,1.0
2017-03-24,1.0
2017-03-31,1.0
2017-04-07,1.0
2017-04-14,1.0
2017-04-21,1.0
2017-04-28,1.0
2017-05-05,1.0
2017-05-12,1.0
2017-05-19,1.0
2017-05-26,1.0
2017-06-02,0.900982002630692
2017-06-09,1.0
2017-06-16,1.0
2017-06-23,1.0
2017-06-30,1.0
2017-07-07,0.29545781058920073
2017-07-14,0.3981388042294968
2017-07-21,0.5044647351781344
2017-07-28,0.6767495338065626
2017-08-04,0.8689348033675021
2017-08-11,1.0
2017-08-18,1.0
2017-08-25,1.0
2017-09-01,1.0
2017-09-08,1.0
2017-09-15,1.0
2017-09-22,1.0
2017-09-29,1.0
2017-10-06,1.0
2017-10-13,1.0
2017-10-20,1.0
2017-10-27,1.0
2017-11-03,1.0
2017-11-10,1.0
2017-11-17,1.0
2017-11-24,1.0
2017-12-01,1.0
2017-12-08,0.6778258911077686
2017-12-15,0.7828381428625509
2017-12-22,0.9464440355726588
2017-12-29,1.0
2018-01-05,1.0
2018-01-12,1.0
2018-01-19,0.9087118019956966
2018-01-26,0.8429316882181621
2018-02-02,0.8202504804254898
2018-02-09,0.40218051989979714
2018-02-16,0.3543128261719275
2018-02-23,0.39488288772860486
2018-03-02,0.5217195382332607
2018-03-09,0.5584276891526366
2018-03-16,0.7227361790941884
2018-03-23,0.9616354994338828
2018-03-30,1.0
2018-04-06,1.0
2018-04-13,0.8326954752548129
2018-04-20,1.0
2018-04-27,0.6851194724802251
2018-05-04,0.7465092788942163
2018-05-11,0.5646327493510924
2018-05-18,0.5366918720080648
2018-05-25,0.4510444663534956
2018-06-01,0.3210718569690935
2018-06-08,0.43091242519284717
2018-06-15,0.4785397610014542
2018-06-22,0.2776696248852596
2018-06-29,0.35459151962566166
2018-07-06,0.3513241638321034
2018-07-13,0.4219788738282645
2018-07-20,0.4676152183012158
2018-07-27,0.549849742141048
2018-08-03,0.6723809846145669
2018-08-10,0.8969653182448427
2018-08-17,0.8612732043904019
2018-08-24,0.9178189177363458
2018-08-31,1.0
2018-09-07,1.0
2018-09-14,0.9204441056881784
2018-09-21,0.7235729839871874
2018-09-28,0.9573621408903659
2018-10-05,1.0
2018-10-12,0.5364507237715389
2018-10-19,0.5093167100392609
2018-10-26,0.6363585016085529
2018-11-02,0.43523415928635195
2018-11-09,0.5207936641786047
2018-11-16,0.6730941328110485
2018-11-23,0.5600143125826526
2018-11-30,0.7414912335786233
2018-12-07,0.5932994327273824
2018-12-14,0.755129941620277
2018-12-21,0.6483092193707336
2018-12-28,0.7000037273014146
2019-01-04,0.7898730694560965
2019-01-11,0.8317881819244262
2019-01-18,0.9434777153461928
2019-01-25,0.8359891851026297
2019-02-01,0.8983608400881881
2019-02-08,
2019-02-15,0.752137597452877
2019-02-22,1.0
2019-03-01,0.6529654854163948
2019-03-08,0.808561537598618
2019-03-15,0.9734898358895897
2019-03-22,1.0
2019-03-29,0.559099041714911
2019-04-05,0.6999947749053038
2019-04-12,0.9534560604797683
2019-04-19,1.0
2019-04-26,0.9089490607293614
2019-05-03,1.0
2019-05-10,0.888773629488805
2019-05-17,1.0
2019-05-24,1.0
2019-05-31,1.0
2019-06-07,0.6929313807378341
2019-06-14,0.7863085029123629
2019-06-21,0.6985468840221097
2019-06-28,0.932059470492554
2019-07-05,0.7374876356893485
2019-07-12,0.9405556761020074
2019-07-19,1.0
2019-07-26,1.0
2019-08-02,1.0
2019-08-09,1.0
2019-08-16,1.0
2019-08-23,1.0
2019-08-30,1.0
2019-09-06,1.0
2019-09-13,1.0
2019-09-20,1.0
2019-09-27,1.0
2019-10-04,1.0
2019-10-11,1.0
2019-10-18,1.0
2019-10-25,1.0
2019-11-01,1.0
2019-11-08,1.0
2019-11-15,1.0
2019-11-22,1.0
2019-11-29,1.0
2019-12-06,1.0
2019-12-13,0.9201587959131243
2019-12-20,1.0
2019-12-27,1.0
2020-01-03,1.0
2020-01-10,1.0
2020-01-17,1.0
2020-01-24,0.4540456970324439
2020-01-31,0.3352319312139895
2020-02-07,0.3938071975918064
2020-02-14,0.5094657652647995
2020-02-21,0.6626872230245175
2020-02-28,0.7772780057335053
2020-03-06,0.7895112592493093
2020-03-13,0.36423900364023043
2020-03-20,0.3944025146110656
2020-03-27,0.3032791726041542
2020-04-03,0.24173249730042515
2020-04-10,0.28240903280258345
2020-04-17,0.3541347223080684
2020-04-24,0.3908988080339158
2020-05-01,0.45489262335423253
2020-05-08,0.5326002019694535
2020-05-15,0.5931978596705423
2020-05-22,0.6975521896705605
2020-05-29,0.6871102541837794
2020-06-05,0.8720726461559082
2020-06-12,0.5557662618651256
2020-06-19,0.49670917648221946
2020-06-26,0.6621119174513128
2020-07-03,0.46759567176160277
2020-07-10,0.5720590439127404
2020-07-17,0.683757079570886
2020-07-24,0.8748599149522536
2020-07-31,0.4222642212243351
2020-08-07,0.4463743356924174
2020-08-14,0.5485930865441355
2020-08-21,0.7688099121732664
2020-08-28,0.8202439650451798
2020-09-04,0.9505846202529138
2020-09-11,1.0
2020-09-18,1.0
2020-09-25,1.0
2020-10-02,1.0
2020-10-09,1.0
2020-10-16,1.0
2020-10-23,1.0
2020-10-30,0.5679182895457556
2020-11-06,0.7254947603843461
2020-11-13,0.8930950360307985
2020-11-20,0.7609560580312638
2020-11-27,1.0
2020-12-04,1.0
2020-12-11,0.9898437943538979
2020-12-18,0.8482069808900224
2020-12-25,0.8123380179000226
2021-01-01,0.9090937000817205
2021-01-08,0.9959197945342744
2021-01-15,0.9136160827566349
2021-01-22,0.4491790372426833
2021-01-29,0.31563732620690005
2021-02-05,0.2939247301363493
2021-02-12,0.2638017675281
2021-02-19,0.29310626724894456
2021-02-26,0.3934366190043707
2021-03-05,0.5434883626419894
2021-03-12,0.6573470793845372
2021-03-19,0.8633619480564685
2021-03-26,0.9368569583228847
2021-04-02,0.8010692107601554
2021-04-09,0.9153189246435622
2021-04-16,0.7214156657696766
2021-04-23,0.5143851060933483
2021-04-30,0.5026227509015044
2021-05-07,0.6057471025125969
2021-05-14,0.6804263662003038
2021-05-21,0.7888563333850809
2021-05-28,0.3332528450218094
2021-06-04,0.41519639872157177
2021-06-11,0.5169710564717013
2021-06-18,0.6501387280074719
2021-06-25,0.8195169544780663
2021-07-02,0.9869448495374762
2021-07-09,0.6267242005015666
2021-07-16,0.5261085923443961
2021-07-23,0.39904819076561887
2021-07-30,0.5425561110592833
2021-08-06,0.6530220185875893
2021-08-13,0.8026018685170601
2021-08-20,0.8997228767794959
2021-08-27,0.6778133391724935
2021-09-03,0.7753460956624753
2021-09-10,0.8766073439644761
2021-09-17,1.0
2021-09-24,0.8540234333443454
2021-10-01,1.0
2021-10-08,1.0
2021-10-15,1.0
2021-10-22,0.9151232338162273
2021-10-29,0.7663084562335263
2021-11-05,1.0
2021-11-12,1.0
2021-11-19,1.0
2021-11-26,0.871570360189167
2021-12-03,0.8643862446110167
2021-12-10,0.49304376892093565
2021-12-17,0.5690432842634503
2021-12-24,0.7827652669930463
2021-12-31,1.0
2022-01-07,0.9905400931316797
2022-01-14,0.7785663486039298
2022-01-21,0.750723673893854
2022-01-28,0.8834133628978484
2022-02-04,
2022-02-11,1.0
2022-02-18,1.0
2022-02-25,1.0
2022-03-04,1.0
2022-03-11,1.0
2022-03-18,1.0
2022-03-25,1.0
2022-04-01,1.0
2022-04-08,1.0
2022-04-15,1.0
2022-04-22,1.0
2022-04-29,0.3965622794465692
2022-05-06,0.46732009981460537
2022-05-13,0.2990153450373953
2022-05-20,0.30262844894965213
2022-05-27,0.37601171594953997
2022-06-03,0.45242879168615446
2022-06-10,0.620614715154794
2022-06-17,0.36657815810480443
2022-06-24,0.43176196713398085
2022-07-01,0.5468745190435714
2022-07-08,0.694570929694731
2022-07-15,0.7173969023975487
2022-07-22,0.9286848284063683
2022-07-29,0.9729437531248047
2022-08-05,1.0
2022-08-12,1.0
2022-08-19,1.0
2022-08-26,1.0
2022-09-02,1.0
2022-09-09,1.0
2022-09-16,1.0
2022-09-23,1.0
2022-09-30,1.0
2022-10-07,0.4597847500857218
2022-10-14,0.3233212786808119
2022-10-21,0.4273707627274444
2022-10-28,0.3435175553910007
2022-11-04,0.4799433041423611
2022-11-11,0.38157042607150304
2022-11-18,0.2808088819782492
2022-11-25,0.38112550366824177
2022-12-02,0.4230640346634352
2022-12-09,0.39813223448228063
2022-12-16,0.49389007216301606
2022-12-23,0.5448349021585492
2022-12-30,0.5591809325077384
2023-01-06,0.6188111351484026
2023-01-13,0.8625841602519485
2023-01-20,0.7332485458379692
2023-01-27,0.7256547562794036
2023-02-03,0.5373318345801269
2023-02-10,0.7075579363589346
2023-02-17,0.7879983432428066
2023-02-24,0.6819587841346184
2023-03-03,0.6424647040691206
2023-03-10,0.6731080898009069
2023-03-17,0.5813403638491214
2023-03-24,0.6429148195610949
2023-03-31,0.7818284008368215
2023-04-07,0.9930370286757987
2023-04-14,1.0
2023-04-21,1.0
2023-04-28,1.0
2023-05-05,0.7659902441323029
2023-05-12,1.0
2023-05-19,0.9922139361509499
2023-05-26,1.0
2023-06-02,1.0
2023-06-09,0.957701280229802
2023-06-16,1.0
2023-06-23,1.0
2023-06-30,1.0
2023-07-07,1.0
2023-07-14,1.0
2023-07-21,1.0
2023-07-28,1.0
2023-08-04,0.9748558469266926
2023-08-11,0.9162836915169379
2023-08-18,1.0
2023-08-25,0.6008780996927262
2023-09-01,0.7336578630452633
2023-09-08,0.8847226352170123
2023-09-15,0.5849030140216508
2023-09-22,0.7423441561718239
2023-09-29,0.7464819637364295
2023-10-06,0.7645117331218657
2023-10-13,0.9103900612190351
2023-10-20,0.8689247975008321
2023-10-27,0.641721233023124
2023-11-03,0.6791264297382568
2023-11-10,0.6557010189926893
2023-11-17,0.7212020861606885
2023-11-24,0.7720368485910478
2023-12-01,1.0
2023-12-08,0.8756464934102755
2023-12-15,1.0
2023-12-22,1.0
2023-12-29,1.0
2024-01-05,1.0
2024-01-12,1.0
2024-01-19,1.0
2024-01-26,1.0
2024-02-02,1.0
2024-02-09,1.0
2024-02-16,1.0
2024-02-23,1.0
2024-03-01,1.0
2024-03-08,1.0
2024-03-15,0.9125988534814498
2024-03-22,0.7807180611570605
2024-03-29,0.8852172031341841
2024-04-05,0.9372699815676419
2024-04-12,1.0
2024-04-19,0.6939381205170484
2024-04-26,0.6190986049650736
2024-05-03,0.6829165905991632
2024-05-10,0.8744543621819812
2024-05-17,0.9833112019036864
2024-05-24,1.0
2024-05-31,1.0
2024-06-07,1.0
2024-06-14,1.0
2024-06-21,1.0
2024-06-28,1.0
2024-07-05,1.0
2024-07-12,1.0
2024-07-19,1.0
2024-07-26,1.0
2024-08-02,1.0
2024-08-09,0.8474779107834877
2024-08-16,0.981720507126269
2024-08-23,1.0
2024-08-30,1.0
2024-09-06,1.0
2024-09-13,1.0
2024-09-20,1.0
2024-09-27,1.0
2024-10-04,1.0
2024-10-11,1.0
2024-10-18,1.0
2024-10-25,1.0
2024-11-01,1.0
2024-11-08,1.0
2024-11-15,1.0
2024-11-22,0.9241812714029701
2024-11-29,1.0
2024-12-06,0.872862245993992
2024-12-13,1.0
2024-12-20,1.0
2024-12-27,1.0
2025-01-03,1.0
2025-01-10,1.0
2025-01-17,1.0
2025-01-24,1.0
2025-01-31,
2025-02-07,1.0
2025-02-14,1.0
2025-02-21,1.0
2025-02-28,1.0
2025-03-07,1.0
2025-03-14,1.0
2025-03-21,1.0
2025-03-28,1.0
2025-04-04,0.37584195590657643
2025-04-11,0.23426526044477114
2025-04-18,0.3054642649176997
2025-04-25,0.42726691425882757
2025-05-02,0.48977111215195873
2025-05-09,0.6785661314022207
2025-05-16,0.8996710883597253
2025-05-23,1.0
2025-05-30,0.917734143686458
2025-06-06,0.9059554898689598
2025-06-13,1.0
2025-06-20,1.0
2025-06-27,1.0
2025-07-04,1.0
2025-07-11,1.0
2025-07-18,1.0
2025-07-25,1.0
2025-08-01,0.6766400709544932
2025-08-08,0.6329188341275203
2025-08-15,0.8585328732749647
2025-08-22,0.9180931536361446
2025-08-29,0.7503431761752936
2025-09-05,0.8837910660317934
2025-09-12,0.8160202552507084
2025-09-19,1.0
2025-09-26,0.8376696474115152
2025-10-03,0.9996090956651402
2025-10-10,0.8212458058931004
2025-10-17,0.9273431776358146
2025-10-24,0.6668601910574037
2025-10-31,0.7862981137475359
2025-11-07,0.6057711325218398
2025-11-14,0.5819581576092288
2025-11-21,0.7527046317420322
2025-11-28,1.0
2025-12-05,1.0
2025-12-12,0.9441306215346624
2025-12-19,0.7876692131167997
2025-12-26,0.6216123940185827
2026-01-02,0.7374609575526643
2026-01-09,0.8942423580851273
2026-01-16,0.962410886176915
2026-01-23,1.0
2026-01-30,1.0
2026-02-06,0.9235405971042684
2026-02-13,0.7814459201787903
2026-02-20,
2026-02-27,1.0
2026-03-06,0.77828012581967
2026-03-13,0.43631048773783937
2026-03-20,0.5696467825870482
2026-03-27,0.5023319290247036
2026-04-03,0.5901219190105594
2026-04-10,0.33302484948315386
2026-04-17,0.4687918111892645
2026-04-24,0.6182767997122902
